time_s,voltage_V,current_A,soc_thuc,,Total_mAh
10,4.096,0,1,,0
20,3.78,-0.677,0.998190695,,-1.89
30,3.78,-0.676,0.996390963,,-3.77
40,3.764,-0.674,0.994581658,,-5.66
50,3.76,-0.673,0.992781926,,-7.54
60,3.764,-0.673,0.990982194,,-9.42
70,3.752,-0.672,0.989192035,,-11.29
80,3.748,-0.671,0.987392303,,-13.17
90,3.748,-0.671,0.985602144,,-15.04
100,3.744,-0.671,0.983802412,,-16.92
110,3.744,-0.671,0.982012253,,-18.79
120,3.744,-0.67,0.980222095,,-20.66
130,3.74,-0.669,0.978431936,,-22.53
140,3.736,-0.669,0.976641777,,-24.4
150,3.736,-0.668,0.974861191,,-26.26
160,3.736,-0.668,0.973071032,,-28.13
170,3.732,-0.669,0.971280873,,-30
180,3.732,-0.668,0.969500287,,-31.86
190,3.736,-0.668,0.967710128,,-33.73
200,3.728,-0.668,0.965929542,,-35.59
210,3.728,-0.667,0.964148957,,-37.45
220,3.724,-0.668,0.962358798,,-39.32
230,3.728,-0.667,0.960578212,,-41.18
240,3.728,-0.667,0.958797626,,-43.04
250,3.724,-0.667,0.95701704,,-44.9
260,3.724,-0.666,0.955236454,,-46.76
270,3.724,-0.666,0.953455868,,-48.62
280,3.724,-0.665,0.951675282,,-50.48
290,3.72,-0.666,0.949894697,,-52.34
300,3.716,-0.666,0.948114111,,-54.2
310,3.716,-0.665,0.946343098,,-56.05
320,3.716,-0.665,0.944562512,,-57.91
330,3.716,-0.665,0.942781926,,-59.77
340,3.716,-0.665,0.941010913,,-61.62
350,3.712,-0.665,0.939230327,,-63.48
360,3.716,-0.664,0.937449742,,-65.34
370,3.712,-0.664,0.935678729,,-67.19
380,3.712,-0.665,0.933898143,,-69.05
390,3.712,-0.664,0.93212713,,-70.9
400,3.716,-0.664,0.930346544,,-72.76
410,3.708,-0.664,0.928575531,,-74.61
420,3.708,-0.664,0.926804518,,-76.46
430,3.704,-0.663,0.925023933,,-78.32
440,3.708,-0.663,0.92325292,,-80.17
450,3.704,-0.663,0.921481907,,-82.02
460,3.708,-0.663,0.919710894,,-83.87
470,3.708,-0.663,0.917939881,,-85.72
480,3.7,-0.663,0.916159295,,-87.58
490,3.704,-0.663,0.914388283,,-89.43
500,3.704,-0.663,0.91261727,,-91.28
510,3.704,-0.663,0.910846257,,-93.13
520,3.704,-0.663,0.909075244,,-94.98
530,3.704,-0.663,0.907304231,,-96.83
540,3.704,-0.663,0.905533218,,-98.68
550,3.7,-0.663,0.903762206,,-100.53
560,3.7,-0.662,0.901991193,,-102.38
570,3.7,-0.662,0.90022018,,-104.23
580,3.696,0,0.898525751,,-106
590,4.012,0,0.898525751,,-106
600,4.016,0,0.898525751,,-106
610,4.02,0,0.898525751,,-106
620,4.024,0,0.898525751,,-106
630,4.032,0,0.898525751,,-106
640,4.028,0,0.898525751,,-106
650,4.032,0,0.898525751,,-106
660,4.032,0,0.898525751,,-106
670,4.032,0,0.898525751,,-106
680,4.032,0,0.898525751,,-106
690,4.036,0,0.898525751,,-106
700,4.032,0,0.898525751,,-106
710,4.036,0,0.898525751,,-106
720,4.036,0,0.898525751,,-106
730,4.036,0,0.898525751,,-106
740,4.04,0,0.898525751,,-106
750,4.036,0,0.898525751,,-106
760,4.036,0,0.898525751,,-106
770,4.04,0,0.898525751,,-106
780,4.04,0,0.898525751,,-106
790,4.044,0,0.898525751,,-106
800,4.04,0,0.898525751,,-106
810,4.04,0,0.898525751,,-106
820,4.04,0,0.898525751,,-106
830,4.04,0,0.898525751,,-106
840,4.04,0,0.898525751,,-106
850,4.04,0,0.898525751,,-106
860,4.04,0,0.898525751,,-106
870,4.044,0,0.898525751,,-106
880,4.04,0,0.898525751,,-106
890,4.04,0,0.898525751,,-106
900,4.044,0,0.898525751,,-106
910,4.044,0,0.898525751,,-106
920,4.04,0,0.898525751,,-106
930,4.044,0,0.898525751,,-106
940,4.044,0,0.898525751,,-106
950,4.04,0,0.898525751,,-106
960,4.044,0,0.898525751,,-106
970,4.044,0,0.898525751,,-106
980,4.044,0,0.898525751,,-106
990,4.044,0,0.898525751,,-106
1000,4.04,0,0.898525751,,-106
1010,4.044,0,0.898525751,,-106
1020,4.04,0,0.898525751,,-106
1030,4.04,0,0.898525751,,-106
1040,4.044,0,0.898525751,,-106
1050,4.044,0,0.898525751,,-106
1060,4.044,0,0.898525751,,-106
1070,4.044,0,0.898525751,,-106
1080,4.044,0,0.898525751,,-106
1090,4.044,0,0.898525751,,-106
1100,4.044,0,0.898525751,,-106
1110,4.044,0,0.898525751,,-106
1120,4.044,0,0.898525751,,-106
1130,4.044,0,0.898525751,,-106
1140,4.044,0,0.898525751,,-106
1150,4.044,0,0.898525751,,-106
1160,4.044,0,0.898525751,,-106
1170,4.052,0,0.898525751,,-106
1180,4.044,0,0.898525751,,-106
1190,4.044,0,0.898525751,,-106
1200,4.048,0,0.898525751,,-106
1210,4.044,0,0.898525751,,-106
1220,4.044,0,0.898525751,,-106
1230,4.044,0,0.898525751,,-106
1240,4.044,0,0.898525751,,-106
1250,4.044,0,0.898525751,,-106
1260,4.044,0,0.898525751,,-106
1270,4.044,0,0.898525751,,-106
1280,4.048,0,0.898525751,,-106
1290,4.044,0,0.898525751,,-106
1300,4.048,0,0.898525751,,-106
1310,4.044,0,0.898525751,,-106
1320,4.044,0,0.898525751,,-106
1330,4.048,0,0.898525751,,-106
1340,4.044,0,0.898525751,,-106
1350,4.044,0,0.898525751,,-106
1360,4.048,0,0.898525751,,-106
1370,4.048,0,0.898525751,,-106
1380,4.048,0,0.898525751,,-106
1390,4.048,0,0.898525751,,-106
1400,4.048,0,0.898525751,,-106
1410,4.048,0,0.898525751,,-106
1420,4.048,0,0.898525751,,-106
1430,4.048,0,0.898525751,,-106
1440,4.044,0,0.898525751,,-106
1450,4.048,0,0.898525751,,-106
1460,4.048,0,0.898525751,,-106
1470,4.048,0,0.898525751,,-106
1480,4.048,0,0.898525751,,-106
1490,4.044,0,0.898525751,,-106
1500,4.044,0,0.898525751,,-106
1510,4.048,0,0.898525751,,-106
1520,4.044,0,0.898525751,,-106
1530,4.048,0,0.898525751,,-106
1540,4.048,0,0.898525751,,-106
1550,4.044,0,0.898525751,,-106
1560,4.048,0,0.898525751,,-106
1570,4.048,0,0.898525751,,-106
1580,4.048,0,0.898525751,,-106
1590,4.048,0,0.898525751,,-106
1600,4.048,0,0.898525751,,-106
1610,4.048,0,0.898525751,,-106
1620,4.048,0,0.898525751,,-106
1630,4.044,0,0.898525751,,-106
1640,4.048,0,0.898525751,,-106
1650,4.044,0,0.898525751,,-106
1660,4.048,0,0.898525751,,-106
1670,4.044,0,0.898525751,,-106
1680,4.048,0,0.898525751,,-106
1690,4.048,0,0.898525751,,-106
1700,4.048,0,0.898525751,,-106
1710,4.048,0,0.898525751,,-106
1720,4.052,0,0.898525751,,-106
1730,4.048,0,0.898525751,,-106
1740,4.048,0,0.898525751,,-106
1750,4.048,0,0.898525751,,-106
1760,4.048,0,0.898525751,,-106
1770,4.048,0,0.898525751,,-106
1780,4.048,0,0.898525751,,-106
1790,4.048,0,0.898525751,,-106
1800,4.048,0,0.898525751,,-106
1810,4.048,0,0.898525751,,-106
1820,4.048,0,0.898525751,,-106
1830,4.048,0,0.898525751,,-106
1840,4.044,0,0.898525751,,-106
1850,4.048,0,0.898525751,,-106
1860,4.048,0,0.898525751,,-106
1870,4.048,0,0.898525751,,-106
1880,4.048,0,0.898525751,,-106
1890,4.048,0,0.898525751,,-106
1900,4.048,0,0.898525751,,-106
1910,4.048,0,0.898525751,,-106
1920,4.048,0,0.898525751,,-106
1930,4.048,0,0.898525751,,-106
1940,4.048,0,0.898525751,,-106
1950,4.048,0,0.898525751,,-106
1960,4.048,0,0.898525751,,-106
1970,4.048,0,0.898525751,,-106
1980,4.048,0,0.898525751,,-106
1990,4.048,0,0.898525751,,-106
2000,4.048,0,0.898525751,,-106
2010,4.048,0,0.898525751,,-106
2020,4.048,0,0.898525751,,-106
2030,4.048,0,0.898525751,,-106
2040,4.048,0,0.898525751,,-106
2050,4.048,0,0.898525751,,-106
2060,4.048,0,0.898525751,,-106
2070,4.048,0,0.898525751,,-106
2080,4.048,0,0.898525751,,-106
2090,4.048,0,0.898525751,,-106
2100,4.048,0,0.898525751,,-106
2110,4.048,0,0.898525751,,-106
2120,4.048,0,0.898525751,,-106
2130,4.048,0,0.898525751,,-106
2140,4.048,0,0.898525751,,-106
2150,4.048,0,0.898525751,,-106
2160,4.052,0,0.898525751,,-106
2170,4.048,0,0.898525751,,-106
2180,4.048,0,0.898525751,,-106
2190,4.048,0,0.898525751,,-106
2200,4.048,0,0.898525751,,-106
2210,4.048,0,0.898525751,,-106
2220,4.048,0,0.898525751,,-106
2230,4.048,0,0.898525751,,-106
2240,4.048,0,0.898525751,,-106
2250,4.048,0,0.898525751,,-106
2260,4.048,0,0.898525751,,-106
2270,4.044,0,0.898525751,,-106
2280,4.048,0,0.898525751,,-106
2290,4.048,0,0.898525751,,-106
2300,4.048,0,0.898525751,,-106
2310,4.052,0,0.898525751,,-106
2320,4.048,0,0.898525751,,-106
2330,4.048,0,0.898525751,,-106
2340,4.048,0,0.898525751,,-106
2350,4.048,0,0.898525751,,-106
2360,4.048,0,0.898525751,,-106
2370,4.048,0,0.898525751,,-106
2380,4.052,0,0.898525751,,-106
2390,4.048,0,0.898525751,,-106
2400,4.048,0,0.898525751,,-106
2410,4.048,0,0.898525751,,-106
2420,4.048,0,0.898525751,,-106
2430,4.052,0,0.898525751,,-106
2440,4.048,0,0.898525751,,-106
2450,4.048,0,0.898525751,,-106
2460,4.048,0,0.898525751,,-106
2470,4.052,0,0.898525751,,-106
2480,4.048,0,0.898525751,,-106
2490,4.048,0,0.898525751,,-106
2500,4.048,0,0.898525751,,-106
2510,4.048,0,0.898525751,,-106
2520,4.048,0,0.898525751,,-106
2530,4.048,0,0.898525751,,-106
2540,4.048,0,0.898525751,,-106
2550,4.052,0,0.898525751,,-106
2560,4.048,0,0.898525751,,-106
2570,4.052,0,0.898525751,,-106
2580,4.052,0,0.898525751,,-106
2590,4.048,0,0.898525751,,-106
2600,4.048,0,0.898525751,,-106
2610,4.048,0,0.898525751,,-106
2620,4.052,0,0.898525751,,-106
2630,4.048,0,0.898525751,,-106
2640,4.048,0,0.898525751,,-106
2650,4.048,0,0.898525751,,-106
2660,4.048,0,0.898525751,,-106
2670,4.052,0,0.898525751,,-106
2680,4.052,0,0.898525751,,-106
2690,3.664,-0.656,0.898516178,,-106.01
2700,3.712,-0.664,0.896745166,,-107.86
2710,3.712,-0.663,0.89496458,,-109.72
2720,3.704,-0.663,0.893193567,,-111.57
2730,3.704,-0.662,0.891422554,,-113.42
2740,3.696,-0.662,0.889661114,,-115.26
2750,3.692,-0.661,0.887890101,,-117.11
2760,3.692,-0.66,0.886119089,,-118.96
2770,3.692,-0.661,0.884357649,,-120.8
2780,3.688,-0.661,0.882596209,,-122.64
2790,3.688,-0.66,0.880825196,,-124.49
2800,3.688,-0.66,0.879063756,,-126.33
2810,3.688,-0.659,0.877302317,,-128.17
2820,3.68,-0.659,0.875540877,,-130.01
2830,3.68,-0.659,0.873779437,,-131.85
2840,3.672,-0.658,0.872017997,,-133.69
2850,3.676,-0.658,0.870256558,,-135.53
2860,3.68,-0.658,0.868504691,,-137.36
2870,3.676,-0.658,0.866743251,,-139.2
2880,3.676,-0.657,0.864981811,,-141.04
2890,3.672,-0.658,0.863229944,,-142.87
2900,3.672,-0.657,0.861468505,,-144.71
2910,3.672,-0.657,0.859716638,,-146.54
2920,3.668,-0.657,0.857964771,,-148.37
2930,3.668,-0.656,0.856203331,,-150.21
2940,3.672,-0.656,0.854451465,,-152.04
2950,3.668,-0.656,0.852699598,,-153.87
2960,3.664,-0.656,0.850947731,,-155.7
2970,3.664,-0.656,0.849195864,,-157.53
2980,3.664,-0.655,0.847443998,,-159.36
2990,3.668,-0.655,0.845692131,,-161.19
3000,3.664,-0.655,0.843940264,,-163.02
3010,3.66,-0.656,0.842188397,,-164.85
3020,3.66,-0.655,0.840436531,,-166.68
3030,3.656,-0.655,0.838684664,,-168.51
3040,3.66,-0.655,0.836932797,,-170.34
3050,3.656,-0.655,0.83518093,,-172.17
3060,3.656,-0.654,0.833438637,,-173.99
3070,3.652,-0.654,0.83168677,,-175.82
3080,3.652,-0.654,0.829944476,,-177.64
3090,3.648,-0.654,0.82819261,,-179.47
3100,3.648,-0.654,0.826450316,,-181.29
3110,3.648,-0.654,0.824698449,,-183.12
3120,3.648,-0.653,0.822956155,,-184.94
3130,3.644,-0.652,0.821213862,,-186.76
3140,3.652,-0.653,0.819461995,,-188.59
3150,3.648,-0.653,0.817719701,,-190.41
3160,3.644,-0.652,0.815977408,,-192.23
3170,3.644,-0.652,0.814235114,,-194.05
3180,3.644,-0.652,0.812483247,,-195.88
3190,3.64,-0.652,0.810740953,,-197.7
3200,3.64,-0.652,0.80899866,,-199.52
3210,3.644,-0.651,0.807256366,,-201.34
3220,3.636,-0.651,0.805523645,,-203.15
3230,3.636,-0.651,0.803781352,,-204.97
3240,3.636,-0.651,0.802039058,,-206.79
3250,3.632,-0.651,0.800296764,,-208.61
3260,3.632,-0.651,0.798554471,,-210.43
3270,3.636,0,0.797061076,,-211.99
3280,3.984,0,0.797061076,,-211.99
3290,3.988,0,0.797061076,,-211.99
3300,3.996,0,0.797061076,,-211.99
3310,3.996,0,0.797061076,,-211.99
3320,4,0,0.797061076,,-211.99
3330,4,0,0.797061076,,-211.99
3340,4.004,0,0.797061076,,-211.99
3350,4.004,0,0.797061076,,-211.99
3360,4.012,0,0.797061076,,-211.99
3370,4.008,0,0.797061076,,-211.99
3380,4.004,0,0.797061076,,-211.99
3390,4.008,0,0.797061076,,-211.99
3400,4.012,0,0.797061076,,-211.99
3410,4.012,0,0.797061076,,-211.99
3420,4.012,0,0.797061076,,-211.99
3430,4.012,0,0.797061076,,-211.99
3440,4.012,0,0.797061076,,-211.99
3450,4.012,0,0.797061076,,-211.99
3460,4.016,0,0.797061076,,-211.99
3470,4.016,0,0.797061076,,-211.99
3480,4.016,0,0.797061076,,-211.99
3490,4.016,0,0.797061076,,-211.99
3500,4.016,0,0.797061076,,-211.99
3510,4.016,0,0.797061076,,-211.99
3520,4.016,0,0.797061076,,-211.99
3530,4.016,0,0.797061076,,-211.99
3540,4.016,0,0.797061076,,-211.99
3550,4.016,0,0.797061076,,-211.99
3560,4.016,0,0.797061076,,-211.99
3570,4.016,0,0.797061076,,-211.99
3580,4.016,0,0.797061076,,-211.99
3590,4.02,0,0.797061076,,-211.99
3600,4.02,0,0.797061076,,-211.99
3610,4.016,0,0.797061076,,-211.99
3620,4.02,0,0.797061076,,-211.99
3630,4.02,0,0.797061076,,-211.99
3640,4.02,0,0.797061076,,-211.99
3650,4.02,0,0.797061076,,-211.99
3660,4.02,0,0.797061076,,-211.99
3670,4.016,0,0.797061076,,-211.99
3680,4.02,0,0.797061076,,-211.99
3690,4.02,0,0.797061076,,-211.99
3700,4.02,0,0.797061076,,-211.99
3710,4.02,0,0.797061076,,-211.99
3720,4.02,0,0.797061076,,-211.99
3730,4.02,0,0.797061076,,-211.99
3740,4.02,0,0.797061076,,-211.99
3750,4.02,0,0.797061076,,-211.99
3760,4.02,0,0.797061076,,-211.99
3770,4.02,0,0.797061076,,-211.99
3780,4.02,0,0.797061076,,-211.99
3790,4.024,0,0.797061076,,-211.99
3800,4.02,0,0.797061076,,-211.99
3810,4.02,0,0.797061076,,-211.99
3820,4.02,0,0.797061076,,-211.99
3830,4.02,0,0.797061076,,-211.99
3840,4.02,0,0.797061076,,-211.99
3850,4.024,0,0.797061076,,-211.99
3860,4.024,0,0.797061076,,-211.99
3870,4.02,0,0.797061076,,-211.99
3880,4.02,0,0.797061076,,-211.99
3890,4.02,0,0.797061076,,-211.99
3900,4.024,0,0.797061076,,-211.99
3910,4.02,0,0.797061076,,-211.99
3920,4.024,0,0.797061076,,-211.99
3930,4.024,0,0.797061076,,-211.99
3940,4.024,0,0.797061076,,-211.99
3950,4.02,0,0.797061076,,-211.99
3960,4.024,0,0.797061076,,-211.99
3970,4.024,0,0.797061076,,-211.99
3980,4.024,0,0.797061076,,-211.99
3990,4.024,0,0.797061076,,-211.99
4000,4.024,0,0.797061076,,-211.99
4010,4.024,0,0.797061076,,-211.99
4020,4.024,0,0.797061076,,-211.99
4030,4.024,0,0.797061076,,-211.99
4040,4.024,0,0.797061076,,-211.99
4050,4.024,0,0.797061076,,-211.99
4060,4.024,0,0.797061076,,-211.99
4070,4.024,0,0.797061076,,-211.99
4080,4.024,0,0.797061076,,-211.99
4090,4.024,0,0.797061076,,-211.99
4100,4.024,0,0.797061076,,-211.99
4110,4.024,0,0.797061076,,-211.99
4120,4.024,0,0.797061076,,-211.99
4130,4.024,0,0.797061076,,-211.99
4140,4.024,0,0.797061076,,-211.99
4150,4.024,0,0.797061076,,-211.99
4160,4.028,0,0.797061076,,-211.99
4170,4.024,0,0.797061076,,-211.99
4180,4.024,0,0.797061076,,-211.99
4190,4.024,0,0.797061076,,-211.99
4200,4.024,0,0.797061076,,-211.99
4210,4.024,0,0.797061076,,-211.99
4220,4.024,0,0.797061076,,-211.99
4230,4.024,0,0.797061076,,-211.99
4240,4.024,0,0.797061076,,-211.99
4250,4.024,0,0.797061076,,-211.99
4260,4.028,0,0.797061076,,-211.99
4270,4.024,0,0.797061076,,-211.99
4280,4.024,0,0.797061076,,-211.99
4290,4.024,0,0.797061076,,-211.99
4300,4.024,0,0.797061076,,-211.99
4310,4.028,0,0.797061076,,-211.99
4320,4.028,0,0.797061076,,-211.99
4330,4.024,0,0.797061076,,-211.99
4340,4.028,0,0.797061076,,-211.99
4350,4.024,0,0.797061076,,-211.99
4360,4.024,0,0.797061076,,-211.99
4370,4.024,0,0.797061076,,-211.99
4380,4.024,0,0.797061076,,-211.99
4390,4.024,0,0.797061076,,-211.99
4400,4.028,0,0.797061076,,-211.99
4410,4.028,0,0.797061076,,-211.99
4420,4.024,0,0.797061076,,-211.99
4430,4.028,0,0.797061076,,-211.99
4440,4.024,0,0.797061076,,-211.99
4450,4.028,0,0.797061076,,-211.99
4460,4.024,0,0.797061076,,-211.99
4470,4.024,0,0.797061076,,-211.99
4480,4.024,0,0.797061076,,-211.99
4490,4.028,0,0.797061076,,-211.99
4500,4.028,0,0.797061076,,-211.99
4510,4.024,0,0.797061076,,-211.99
4520,4.028,0,0.797061076,,-211.99
4530,4.028,0,0.797061076,,-211.99
4540,4.024,0,0.797061076,,-211.99
4550,4.028,0,0.797061076,,-211.99
4560,4.028,0,0.797061076,,-211.99
4570,4.024,0,0.797061076,,-211.99
4580,4.028,0,0.797061076,,-211.99
4590,4.028,0,0.797061076,,-211.99
4600,4.024,0,0.797061076,,-211.99
4610,4.028,0,0.797061076,,-211.99
4620,4.028,0,0.797061076,,-211.99
4630,4.028,0,0.797061076,,-211.99
4640,4.032,0,0.797061076,,-211.99
4650,4.024,0,0.797061076,,-211.99
4660,4.028,0,0.797061076,,-211.99
4670,4.028,0,0.797061076,,-211.99
4680,4.028,0,0.797061076,,-211.99
4690,4.028,0,0.797061076,,-211.99
4700,4.024,0,0.797061076,,-211.99
4710,4.028,0,0.797061076,,-211.99
4720,4.024,0,0.797061076,,-211.99
4730,4.028,0,0.797061076,,-211.99
4740,4.024,0,0.797061076,,-211.99
4750,4.028,0,0.797061076,,-211.99
4760,4.028,0,0.797061076,,-211.99
4770,4.028,0,0.797061076,,-211.99
4780,4.028,0,0.797061076,,-211.99
4790,4.028,0,0.797061076,,-211.99
4800,4.028,0,0.797061076,,-211.99
4810,4.028,0,0.797061076,,-211.99
4820,4.028,0,0.797061076,,-211.99
4830,4.028,0,0.797061076,,-211.99
4840,4.028,0,0.797061076,,-211.99
4850,4.028,0,0.797061076,,-211.99
4860,4.028,0,0.797061076,,-211.99
4870,4.024,0,0.797061076,,-211.99
4880,4.028,0,0.797061076,,-211.99
4890,4.032,0,0.797061076,,-211.99
4900,4.024,0,0.797061076,,-211.99
4910,4.028,0,0.797061076,,-211.99
4920,4.028,0,0.797061076,,-211.99
4930,4.028,0,0.797061076,,-211.99
4940,4.028,0,0.797061076,,-211.99
4950,4.032,0,0.797061076,,-211.99
4960,4.028,0,0.797061076,,-211.99
4970,4.028,0,0.797061076,,-211.99
4980,4.028,0,0.797061076,,-211.99
4990,4.028,0,0.797061076,,-211.99
5000,4.028,0,0.797061076,,-211.99
5010,4.028,0,0.797061076,,-211.99
5020,4.028,0,0.797061076,,-211.99
5030,4.024,0,0.797061076,,-211.99
5040,4.028,0,0.797061076,,-211.99
5050,4.032,0,0.797061076,,-211.99
5060,4.028,0,0.797061076,,-211.99
5070,4.028,0,0.797061076,,-211.99
5080,4.028,0,0.797061076,,-211.99
5090,4.032,0,0.797061076,,-211.99
5100,4.032,0,0.797061076,,-211.99
5110,4.028,0,0.797061076,,-211.99
5120,4.028,0,0.797061076,,-211.99
5130,4.028,0,0.797061076,,-211.99
5140,4.028,0,0.797061076,,-211.99
5150,4.024,0,0.797061076,,-211.99
5160,4.028,0,0.797061076,,-211.99
5170,4.028,0,0.797061076,,-211.99
5180,4.028,0,0.797061076,,-211.99
5190,4.032,0,0.797061076,,-211.99
5200,4.028,0,0.797061076,,-211.99
5210,4.032,0,0.797061076,,-211.99
5220,4.028,0,0.797061076,,-211.99
5230,4.028,0,0.797061076,,-211.99
5240,4.032,0,0.797061076,,-211.99
5250,4.028,0,0.797061076,,-211.99
5260,4.032,0,0.797061076,,-211.99
5270,4.028,0,0.797061076,,-211.99
5280,4.028,0,0.797061076,,-211.99
5290,4.028,0,0.797061076,,-211.99
5300,4.028,0,0.797061076,,-211.99
5310,4.032,0,0.797061076,,-211.99
5320,4.028,0,0.797061076,,-211.99
5330,4.028,0,0.797061076,,-211.99
5340,4.028,0,0.797061076,,-211.99
5350,4.028,0,0.797061076,,-211.99
5360,4.032,0,0.797061076,,-211.99
5370,4.028,0,0.797061076,,-211.99
5380,3.644,-0.653,0.797051503,,-212
5390,3.7,-0.662,0.79528049,,-213.85
5400,3.7,-0.663,0.793509477,,-215.7
5410,3.688,-0.662,0.791738464,,-217.55
5420,3.692,-0.661,0.789967452,,-219.4
5430,3.688,-0.66,0.788206012,,-221.24
5440,3.684,-0.66,0.786444572,,-223.08
5450,3.68,-0.659,0.784683132,,-224.92
5460,3.68,-0.659,0.782921693,,-226.76
5470,3.676,-0.659,0.781160253,,-228.6
5480,3.672,-0.658,0.779398813,,-230.44
5490,3.672,-0.658,0.777637373,,-232.28
5500,3.672,-0.659,0.775885506,,-234.11
5510,3.668,-0.658,0.774124067,,-235.95
5520,3.672,-0.657,0.7723722,,-237.78
5530,3.668,-0.657,0.77061076,,-239.62
5540,3.668,-0.657,0.768858893,,-241.45
5550,3.668,-0.657,0.767097454,,-243.29
5560,3.668,-0.656,0.765345587,,-245.12
5570,3.664,-0.657,0.76359372,,-246.95
5580,3.664,-0.657,0.76183228,,-248.79
5590,3.664,-0.656,0.760080414,,-250.62
5600,3.664,-0.656,0.758328547,,-252.45
5610,3.66,-0.656,0.75657668,,-254.28
5620,3.66,-0.656,0.754824813,,-256.11
5630,3.652,-0.655,0.753072947,,-257.94
5640,3.66,-0.656,0.75132108,,-259.77
5650,3.656,-0.656,0.749569213,,-261.6
5660,3.66,-0.656,0.747817346,,-263.43
5670,3.66,-0.656,0.74606548,,-265.26
5680,3.656,-0.656,0.744313613,,-267.09
5690,3.66,-0.655,0.742561746,,-268.92
5700,3.656,-0.656,0.740809879,,-270.75
5710,3.66,-0.655,0.739058013,,-272.58
5720,3.656,-0.655,0.737306146,,-274.41
5730,3.656,-0.655,0.735563852,,-276.23
5740,3.652,-0.655,0.733811985,,-278.06
5750,3.656,-0.655,0.732060119,,-279.89
5760,3.652,-0.655,0.730308252,,-281.72
5770,3.656,-0.654,0.728565958,,-283.54
5780,3.652,-0.654,0.726814092,,-285.37
5790,3.652,-0.654,0.725062225,,-287.2
5800,3.648,-0.654,0.723310358,,-289.03
5810,3.648,-0.655,0.721558491,,-290.86
5820,3.648,-0.654,0.719816198,,-292.68
5830,3.648,-0.654,0.718064331,,-294.51
5840,3.648,-0.654,0.716322037,,-296.33
5850,3.648,-0.653,0.71457017,,-298.16
5860,3.652,-0.653,0.712827877,,-299.98
5870,3.648,-0.653,0.71107601,,-301.81
5880,3.648,-0.653,0.709333716,,-303.63
5890,3.644,-0.654,0.707591423,,-305.45
5900,3.648,-0.653,0.705839556,,-307.28
5910,3.644,-0.653,0.704097262,,-309.1
5920,3.64,-0.654,0.702354968,,-310.92
5930,3.64,-0.653,0.700612675,,-312.74
5940,3.648,-0.653,0.698860808,,-314.57
5950,3.64,-0.653,0.697118514,,-316.39
5960,3.644,0,0.695577254,,-318
5970,3.952,0,0.695577254,,-318
5980,3.96,0,0.695577254,,-318
5990,3.964,0,0.695577254,,-318
6000,3.964,0,0.695577254,,-318
6010,3.968,0,0.695577254,,-318
6020,3.972,0,0.695577254,,-318
6030,3.972,0,0.695577254,,-318
6040,3.976,0,0.695577254,,-318
6050,3.976,0,0.695577254,,-318
6060,3.976,0,0.695577254,,-318
6070,3.98,0,0.695577254,,-318
6080,3.98,0,0.695577254,,-318
6090,3.98,0,0.695577254,,-318
6100,3.98,0,0.695577254,,-318
6110,3.98,0,0.695577254,,-318
6120,3.98,0,0.695577254,,-318
6130,3.984,0,0.695577254,,-318
6140,3.988,0,0.695577254,,-318
6150,3.984,0,0.695577254,,-318
6160,3.984,0,0.695577254,,-318
6170,3.984,0,0.695577254,,-318
6180,3.984,0,0.695577254,,-318
6190,3.984,0,0.695577254,,-318
6200,3.984,0,0.695577254,,-318
6210,3.984,0,0.695577254,,-318
6220,3.988,0,0.695577254,,-318
6230,3.984,0,0.695577254,,-318
6240,3.988,0,0.695577254,,-318
6250,3.988,0,0.695577254,,-318
6260,3.988,0,0.695577254,,-318
6270,3.984,0,0.695577254,,-318
6280,3.988,0,0.695577254,,-318
6290,3.988,0,0.695577254,,-318
6300,3.984,0,0.695577254,,-318
6310,3.984,0,0.695577254,,-318
6320,3.988,0,0.695577254,,-318
6330,3.988,0,0.695577254,,-318
6340,3.988,0,0.695577254,,-318
6350,3.992,0,0.695577254,,-318
6360,3.988,0,0.695577254,,-318
6370,3.988,0,0.695577254,,-318
6380,3.992,0,0.695577254,,-318
6390,3.992,0,0.695577254,,-318
6400,3.988,0,0.695577254,,-318
6410,3.988,0,0.695577254,,-318
6420,3.992,0,0.695577254,,-318
6430,3.988,0,0.695577254,,-318
6440,3.988,0,0.695577254,,-318
6450,3.988,0,0.695577254,,-318
6460,3.988,0,0.695577254,,-318
6470,3.988,0,0.695577254,,-318
6480,3.988,0,0.695577254,,-318
6490,3.988,0,0.695577254,,-318
6500,3.988,0,0.695577254,,-318
6510,3.988,0,0.695577254,,-318
6520,3.988,0,0.695577254,,-318
6530,3.988,0,0.695577254,,-318
6540,3.992,0,0.695577254,,-318
6550,3.992,0,0.695577254,,-318
6560,3.988,0,0.695577254,,-318
6570,3.988,0,0.695577254,,-318
6580,3.992,0,0.695577254,,-318
6590,3.988,0,0.695577254,,-318
6600,3.992,0,0.695577254,,-318
6610,3.988,0,0.695577254,,-318
6620,3.988,0,0.695577254,,-318
6630,3.988,0,0.695577254,,-318
6640,3.992,0,0.695577254,,-318
6650,3.992,0,0.695577254,,-318
6660,3.992,0,0.695577254,,-318
6670,3.992,0,0.695577254,,-318
6680,3.988,0,0.695577254,,-318
6690,3.992,0,0.695577254,,-318
6700,3.988,0,0.695577254,,-318
6710,3.988,0,0.695577254,,-318
6720,3.992,0,0.695577254,,-318
6730,3.992,0,0.695577254,,-318
6740,3.992,0,0.695577254,,-318
6750,3.992,0,0.695577254,,-318
6760,3.992,0,0.695577254,,-318
6770,3.992,0,0.695577254,,-318
6780,3.988,0,0.695577254,,-318
6790,3.992,0,0.695577254,,-318
6800,3.992,0,0.695577254,,-318
6810,3.992,0,0.695577254,,-318
6820,3.992,0,0.695577254,,-318
6830,3.992,0,0.695577254,,-318
6840,3.992,0,0.695577254,,-318
6850,3.988,0,0.695577254,,-318
6860,3.996,0,0.695577254,,-318
6870,3.992,0,0.695577254,,-318
6880,3.992,0,0.695577254,,-318
6890,3.992,0,0.695577254,,-318
6900,3.992,0,0.695577254,,-318
6910,3.992,0,0.695577254,,-318
6920,3.992,0,0.695577254,,-318
6930,3.992,0,0.695577254,,-318
6940,3.992,0,0.695577254,,-318
6950,3.992,0,0.695577254,,-318
6960,3.988,0,0.695577254,,-318
6970,3.992,0,0.695577254,,-318
6980,3.992,0,0.695577254,,-318
6990,3.996,0,0.695577254,,-318
7000,3.992,0,0.695577254,,-318
7010,3.992,0,0.695577254,,-318
7020,3.992,0,0.695577254,,-318
7030,3.996,0,0.695577254,,-318
7040,3.992,0,0.695577254,,-318
7050,3.992,0,0.695577254,,-318
7060,3.992,0,0.695577254,,-318
7070,3.992,0,0.695577254,,-318
7080,3.996,0,0.695577254,,-318
7090,3.992,0,0.695577254,,-318
7100,3.992,0,0.695577254,,-318
7110,3.992,0,0.695577254,,-318
7120,3.992,0,0.695577254,,-318
7130,3.996,0,0.695577254,,-318
7140,3.992,0,0.695577254,,-318
7150,3.992,0,0.695577254,,-318
7160,3.992,0,0.695577254,,-318
7170,3.996,0,0.695577254,,-318
7180,3.992,0,0.695577254,,-318
7190,3.996,0,0.695577254,,-318
7200,3.992,0,0.695577254,,-318
7210,3.996,0,0.695577254,,-318
7220,3.996,0,0.695577254,,-318
7230,3.992,0,0.695577254,,-318
7240,3.988,0,0.695577254,,-318
7250,3.996,0,0.695577254,,-318
7260,3.996,0,0.695577254,,-318
7270,3.992,0,0.695577254,,-318
7280,3.992,0,0.695577254,,-318
7290,3.996,0,0.695577254,,-318
7300,3.992,0,0.695577254,,-318
7310,3.992,0,0.695577254,,-318
7320,3.992,0,0.695577254,,-318
7330,3.992,0,0.695577254,,-318
7340,3.996,0,0.695577254,,-318
7350,3.992,0,0.695577254,,-318
7360,3.992,0,0.695577254,,-318
7370,3.992,0,0.695577254,,-318
7380,3.996,0,0.695577254,,-318
7390,3.996,0,0.695577254,,-318
7400,3.992,0,0.695577254,,-318
7410,3.996,0,0.695577254,,-318
7420,3.992,0,0.695577254,,-318
7430,3.996,0,0.695577254,,-318
7440,3.996,0,0.695577254,,-318
7450,3.996,0,0.695577254,,-318
7460,3.992,0,0.695577254,,-318
7470,3.996,0,0.695577254,,-318
7480,3.996,0,0.695577254,,-318
7490,3.992,0,0.695577254,,-318
7500,3.992,0,0.695577254,,-318
7510,3.992,0,0.695577254,,-318
7520,3.992,0,0.695577254,,-318
7530,3.992,0,0.695577254,,-318
7540,3.996,0,0.695577254,,-318
7550,3.996,0,0.695577254,,-318
7560,3.996,0,0.695577254,,-318
7570,3.992,0,0.695577254,,-318
7580,3.996,0,0.695577254,,-318
7590,3.996,0,0.695577254,,-318
7600,3.996,0,0.695577254,,-318
7610,3.996,0,0.695577254,,-318
7620,3.996,0,0.695577254,,-318
7630,3.996,0,0.695577254,,-318
7640,3.992,0,0.695577254,,-318
7650,3.996,0,0.695577254,,-318
7660,3.996,0,0.695577254,,-318
7670,3.992,0,0.695577254,,-318
7680,3.996,0,0.695577254,,-318
7690,3.992,0,0.695577254,,-318
7700,3.996,0,0.695577254,,-318
7710,3.996,0,0.695577254,,-318
7720,3.992,0,0.695577254,,-318
7730,3.996,0,0.695577254,,-318
7740,3.996,0,0.695577254,,-318
7750,3.996,0,0.695577254,,-318
7760,3.992,0,0.695577254,,-318
7770,3.992,0,0.695577254,,-318
7780,3.992,0,0.695577254,,-318
7790,3.996,0,0.695577254,,-318
7800,3.996,0,0.695577254,,-318
7810,3.996,0,0.695577254,,-318
7820,3.996,0,0.695577254,,-318
7830,3.996,0,0.695577254,,-318
7840,3.996,0,0.695577254,,-318
7850,3.996,0,0.695577254,,-318
7860,3.992,0,0.695577254,,-318
7870,3.996,0,0.695577254,,-318
7880,3.996,0,0.695577254,,-318
7890,3.992,0,0.695577254,,-318
7900,3.996,0,0.695577254,,-318
7910,3.996,0,0.695577254,,-318
7920,3.996,0,0.695577254,,-318
7930,3.996,0,0.695577254,,-318
7940,3.996,0,0.695577254,,-318
7950,3.996,0,0.695577254,,-318
7960,3.992,0,0.695577254,,-318
7970,3.996,0,0.695577254,,-318
7980,3.996,0,0.695577254,,-318
7990,3.996,0,0.695577254,,-318
8000,3.996,0,0.695577254,,-318
8010,3.996,0,0.695577254,,-318
8020,3.992,0,0.695577254,,-318
8030,3.996,0,0.695577254,,-318
8040,3.996,0,0.695577254,,-318
8050,3.996,0,0.695577254,,-318
8060,3.996,0,0.695577254,,-318
8070,3.636,-0.652,0.695567681,,-318.01
8080,3.696,-0.663,0.693796669,,-319.86
8090,3.696,-0.663,0.692025656,,-321.71
8100,3.688,-0.661,0.690264216,,-323.55
8110,3.672,-0.659,0.688493203,,-325.4
8120,3.676,-0.658,0.686731763,,-327.24
8130,3.676,-0.658,0.684970324,,-329.08
8140,3.672,-0.658,0.683218457,,-330.91
8150,3.668,-0.658,0.681457017,,-332.75
8160,3.668,-0.658,0.67970515,,-334.58
8170,3.668,-0.658,0.677943711,,-336.42
8180,3.664,-0.657,0.676191844,,-338.25
8190,3.66,-0.657,0.674430404,,-340.09
8200,3.66,-0.657,0.672678537,,-341.92
8210,3.664,-0.656,0.67092667,,-343.75
8220,3.656,-0.657,0.669165231,,-345.59
8230,3.66,-0.656,0.667413364,,-347.42
8240,3.66,-0.656,0.665661497,,-349.25
8250,3.656,-0.656,0.66390963,,-351.08
8260,3.66,-0.655,0.662157764,,-352.91
8270,3.656,-0.655,0.660405897,,-354.74
8280,3.656,-0.656,0.65865403,,-356.57
8290,3.656,-0.655,0.656902164,,-358.4
8300,3.652,-0.655,0.65515987,,-360.22
8310,3.652,-0.656,0.653408003,,-362.05
8320,3.652,-0.655,0.651656136,,-363.88
8330,3.652,-0.654,0.64990427,,-365.71
8340,3.652,-0.655,0.648152403,,-367.54
8350,3.652,-0.654,0.646410109,,-369.36
8360,3.652,-0.654,0.644658242,,-371.19
8370,3.652,-0.654,0.642906376,,-373.02
8380,3.648,-0.654,0.641154509,,-374.85
8390,3.648,-0.654,0.639412215,,-376.67
8400,3.648,-0.655,0.637660348,,-378.5
8410,3.648,-0.654,0.635908482,,-380.33
8420,3.644,-0.654,0.634166188,,-382.15
8430,3.644,-0.654,0.632414321,,-383.98
8440,3.64,-0.654,0.630672028,,-385.8
8450,3.644,-0.653,0.628929734,,-387.62
8460,3.64,-0.653,0.62718744,,-389.44
8470,3.64,-0.653,0.625435573,,-391.27
8480,3.644,-0.653,0.62369328,,-393.09
8490,3.64,-0.652,0.621950986,,-394.91
8500,3.644,-0.652,0.620208692,,-396.73
8510,3.64,-0.653,0.618466399,,-398.55
8520,3.632,-0.652,0.616714532,,-400.38
8530,3.636,-0.652,0.614972238,,-402.2
8540,3.636,-0.652,0.613229944,,-404.02
8550,3.636,-0.652,0.611487651,,-405.84
8560,3.636,-0.652,0.609745357,,-407.66
8570,3.636,-0.652,0.608003063,,-409.48
8580,3.632,-0.652,0.60626077,,-411.3
8590,3.632,-0.651,0.604518476,,-413.12
8600,3.632,-0.651,0.602776182,,-414.94
8610,3.636,-0.651,0.601033889,,-416.76
8620,3.628,-0.651,0.599291595,,-418.58
8630,3.628,-0.651,0.597558874,,-420.39
8640,3.632,-0.651,0.595816581,,-422.21
8650,3.628,0,0.594103006,,-424
8660,3.924,0,0.594103006,,-424
8670,3.932,0,0.594103006,,-424
8680,3.936,0,0.594103006,,-424
8690,3.936,0,0.594103006,,-424
8700,3.94,0,0.594103006,,-424
8710,3.944,0,0.594103006,,-424
8720,3.944,0,0.594103006,,-424
8730,3.952,0,0.594103006,,-424
8740,3.948,0,0.594103006,,-424
8750,3.952,0,0.594103006,,-424
8760,3.952,0,0.594103006,,-424
8770,3.956,0,0.594103006,,-424
8780,3.952,0,0.594103006,,-424
8790,3.952,0,0.594103006,,-424
8800,3.956,0,0.594103006,,-424
8810,3.956,0,0.594103006,,-424
8820,3.956,0,0.594103006,,-424
8830,3.956,0,0.594103006,,-424
8840,3.956,0,0.594103006,,-424
8850,3.96,0,0.594103006,,-424
8860,3.956,0,0.594103006,,-424
8870,3.956,0,0.594103006,,-424
8880,3.956,0,0.594103006,,-424
8890,3.96,0,0.594103006,,-424
8900,3.956,0,0.594103006,,-424
8910,3.96,0,0.594103006,,-424
8920,3.96,0,0.594103006,,-424
8930,3.956,0,0.594103006,,-424
8940,3.964,0,0.594103006,,-424
8950,3.96,0,0.594103006,,-424
8960,3.96,0,0.594103006,,-424
8970,3.956,0,0.594103006,,-424
8980,3.96,0,0.594103006,,-424
8990,3.964,0,0.594103006,,-424
9000,3.96,0,0.594103006,,-424
9010,3.96,0,0.594103006,,-424
9020,3.96,0,0.594103006,,-424
9030,3.96,0,0.594103006,,-424
9040,3.964,0,0.594103006,,-424
9050,3.96,0,0.594103006,,-424
9060,3.964,0,0.594103006,,-424
9070,3.96,0,0.594103006,,-424
9080,3.964,0,0.594103006,,-424
9090,3.964,0,0.594103006,,-424
9100,3.964,0,0.594103006,,-424
9110,3.964,0,0.594103006,,-424
9120,3.96,0,0.594103006,,-424
9130,3.964,0,0.594103006,,-424
9140,3.964,0,0.594103006,,-424
9150,3.964,0,0.594103006,,-424
9160,3.96,0,0.594103006,,-424
9170,3.964,0,0.594103006,,-424
9180,3.964,0,0.594103006,,-424
9190,3.964,0,0.594103006,,-424
9200,3.968,0,0.594103006,,-424
9210,3.964,0,0.594103006,,-424
9220,3.964,0,0.594103006,,-424
9230,3.964,0,0.594103006,,-424
9240,3.964,0,0.594103006,,-424
9250,3.964,0,0.594103006,,-424
9260,3.964,0,0.594103006,,-424
9270,3.964,0,0.594103006,,-424
9280,3.964,0,0.594103006,,-424
9290,3.964,0,0.594103006,,-424
9300,3.964,0,0.594103006,,-424
9310,3.968,0,0.594103006,,-424
9320,3.964,0,0.594103006,,-424
9330,3.968,0,0.594103006,,-424
9340,3.964,0,0.594103006,,-424
9350,3.964,0,0.594103006,,-424
9360,3.968,0,0.594103006,,-424
9370,3.964,0,0.594103006,,-424
9380,3.964,0,0.594103006,,-424
9390,3.964,0,0.594103006,,-424
9400,3.968,0,0.594103006,,-424
9410,3.964,0,0.594103006,,-424
9420,3.964,0,0.594103006,,-424
9430,3.964,0,0.594103006,,-424
9440,3.968,0,0.594103006,,-424
9450,3.968,0,0.594103006,,-424
9460,3.968,0,0.594103006,,-424
9470,3.968,0,0.594103006,,-424
9480,3.964,0,0.594103006,,-424
9490,3.968,0,0.594103006,,-424
9500,3.968,0,0.594103006,,-424
9510,3.964,0,0.594103006,,-424
9520,3.968,0,0.594103006,,-424
9530,3.968,0,0.594103006,,-424
9540,3.968,0,0.594103006,,-424
9550,3.964,0,0.594103006,,-424
9560,3.968,0,0.594103006,,-424
9570,3.968,0,0.594103006,,-424
9580,3.968,0,0.594103006,,-424
9590,3.968,0,0.594103006,,-424
9600,3.968,0,0.594103006,,-424
9610,3.968,0,0.594103006,,-424
9620,3.968,0,0.594103006,,-424
9630,3.968,0,0.594103006,,-424
9640,3.964,0,0.594103006,,-424
9650,3.968,0,0.594103006,,-424
9660,3.968,0,0.594103006,,-424
9670,3.968,0,0.594103006,,-424
9680,3.968,0,0.594103006,,-424
9690,3.968,0,0.594103006,,-424
9700,3.968,0,0.594103006,,-424
9710,3.968,0,0.594103006,,-424
9720,3.968,0,0.594103006,,-424
9730,3.964,0,0.594103006,,-424
9740,3.968,0,0.594103006,,-424
9750,3.968,0,0.594103006,,-424
9760,3.964,0,0.594103006,,-424
9770,3.968,0,0.594103006,,-424
9780,3.968,0,0.594103006,,-424
9790,3.968,0,0.594103006,,-424
9800,3.968,0,0.594103006,,-424
9810,3.968,0,0.594103006,,-424
9820,3.968,0,0.594103006,,-424
9830,3.968,0,0.594103006,,-424
9840,3.968,0,0.594103006,,-424
9850,3.968,0,0.594103006,,-424
9860,3.968,0,0.594103006,,-424
9870,3.968,0,0.594103006,,-424
9880,3.968,0,0.594103006,,-424
9890,3.968,0,0.594103006,,-424
9900,3.968,0,0.594103006,,-424
9910,3.968,0,0.594103006,,-424
9920,3.968,0,0.594103006,,-424
9930,3.968,0,0.594103006,,-424
9940,3.972,0,0.594103006,,-424
9950,3.968,0,0.594103006,,-424
9960,3.968,0,0.594103006,,-424
9970,3.968,0,0.594103006,,-424
9980,3.972,0,0.594103006,,-424
9990,3.968,0,0.594103006,,-424
10000,3.968,0,0.594103006,,-424
10010,3.972,0,0.594103006,,-424
10020,3.972,0,0.594103006,,-424
10030,3.968,0,0.594103006,,-424
10040,3.972,0,0.594103006,,-424
10050,3.968,0,0.594103006,,-424
10060,3.972,0,0.594103006,,-424
10070,3.968,0,0.594103006,,-424
10080,3.968,0,0.594103006,,-424
10090,3.968,0,0.594103006,,-424
10100,3.972,0,0.594103006,,-424
10110,3.972,0,0.594103006,,-424
10120,3.968,0,0.594103006,,-424
10130,3.968,0,0.594103006,,-424
10140,3.972,0,0.594103006,,-424
10150,3.972,0,0.594103006,,-424
10160,3.972,0,0.594103006,,-424
10170,3.972,0,0.594103006,,-424
10180,3.972,0,0.594103006,,-424
10190,3.972,0,0.594103006,,-424
10200,3.972,0,0.594103006,,-424
10210,3.972,0,0.594103006,,-424
10220,3.972,0,0.594103006,,-424
10230,3.968,0,0.594103006,,-424
10240,3.972,0,0.594103006,,-424
10250,3.972,0,0.594103006,,-424
10260,3.968,0,0.594103006,,-424
10270,3.968,0,0.594103006,,-424
10280,3.972,0,0.594103006,,-424
10290,3.972,0,0.594103006,,-424
10300,3.968,0,0.594103006,,-424
10310,3.972,0,0.594103006,,-424
10320,3.968,0,0.594103006,,-424
10330,3.968,0,0.594103006,,-424
10340,3.968,0,0.594103006,,-424
10350,3.972,0,0.594103006,,-424
10360,3.968,0,0.594103006,,-424
10370,3.972,0,0.594103006,,-424
10380,3.968,0,0.594103006,,-424
10390,3.972,0,0.594103006,,-424
10400,3.968,0,0.594103006,,-424
10410,3.968,0,0.594103006,,-424
10420,3.972,0,0.594103006,,-424
10430,3.972,0,0.594103006,,-424
10440,3.972,0,0.594103006,,-424
10450,3.972,0,0.594103006,,-424
10460,3.972,0,0.594103006,,-424
10470,3.972,0,0.594103006,,-424
10480,3.972,0,0.594103006,,-424
10490,3.972,0,0.594103006,,-424
10500,3.972,0,0.594103006,,-424
10510,3.972,0,0.594103006,,-424
10520,3.972,0,0.594103006,,-424
10530,3.972,0,0.594103006,,-424
10540,3.972,0,0.594103006,,-424
10550,3.972,0,0.594103006,,-424
10560,3.972,0,0.594103006,,-424
10570,3.972,0,0.594103006,,-424
10580,3.972,0,0.594103006,,-424
10590,3.968,0,0.594103006,,-424
10600,3.972,0,0.594103006,,-424
10610,3.972,0,0.594103006,,-424
10620,3.972,0,0.594103006,,-424
10630,3.972,0,0.594103006,,-424
10640,3.968,0,0.594103006,,-424
10650,3.972,0,0.594103006,,-424
10660,3.972,0,0.594103006,,-424
10670,3.972,0,0.594103006,,-424
10680,3.972,0,0.594103006,,-424
10690,3.972,0,0.594103006,,-424
10700,3.968,0,0.594103006,,-424
10710,3.972,0,0.594103006,,-424
10720,3.972,0,0.594103006,,-424
10730,3.972,0,0.594103006,,-424
10740,3.968,0,0.594103006,,-424
10750,3.972,0,0.594103006,,-424
10760,3.624,-0.65,0.594093433,,-424.01
10770,3.676,-0.659,0.592331993,,-425.85
10780,3.672,-0.659,0.590580126,,-427.68
10790,3.668,-0.658,0.588818687,,-429.52
10800,3.66,-0.657,0.58706682,,-431.35
10810,3.66,-0.656,0.58530538,,-433.19
10820,3.656,-0.656,0.583553513,,-435.02
10830,3.652,-0.655,0.581801647,,-436.85
10840,3.652,-0.654,0.580059353,,-438.67
10850,3.652,-0.654,0.578307486,,-440.5
10860,3.652,-0.654,0.576555619,,-442.33
10870,3.648,-0.654,0.574813326,,-444.15
10880,3.644,-0.654,0.573061459,,-445.98
10890,3.644,-0.653,0.571319165,,-447.8
10900,3.64,-0.653,0.569576872,,-449.62
10910,3.636,-0.653,0.567834578,,-451.44
10920,3.636,-0.652,0.566082711,,-453.27
10930,3.64,-0.652,0.564340417,,-455.09
10940,3.636,-0.653,0.562598124,,-456.91
10950,3.636,-0.652,0.56085583,,-458.73
10960,3.632,-0.652,0.559113536,,-460.55
10970,3.632,-0.652,0.557371243,,-462.37
10980,3.632,-0.651,0.555628949,,-464.19
10990,3.628,-0.651,0.553896228,,-466
11000,3.632,-0.651,0.552153935,,-467.82
11010,3.624,-0.651,0.550411641,,-469.64
11020,3.624,-0.651,0.54867892,,-471.45
11030,3.624,-0.65,0.546936626,,-473.27
11040,3.628,-0.65,0.545203906,,-475.08
11050,3.624,-0.651,0.543461612,,-476.9
11060,3.624,-0.65,0.541719318,,-478.72
11070,3.632,-0.65,0.539986598,,-480.53
11080,3.62,-0.65,0.538244304,,-482.35
11090,3.624,-0.649,0.536511583,,-484.16
11100,3.62,-0.65,0.53476929,,-485.98
11110,3.62,-0.649,0.533036569,,-487.79
11120,3.62,-0.65,0.531303848,,-489.6
11130,3.62,-0.649,0.529571128,,-491.41
11140,3.616,-0.649,0.527838407,,-493.22
11150,3.616,-0.648,0.526105686,,-495.03
11160,3.616,-0.648,0.524372966,,-496.84
11170,3.612,-0.648,0.522640245,,-498.65
11180,3.612,-0.647,0.520907524,,-500.46
11190,3.612,-0.648,0.519174804,,-502.27
11200,3.608,-0.648,0.517442083,,-504.08
11210,3.616,-0.647,0.515718935,,-505.88
11220,3.608,-0.647,0.513986215,,-507.69
11230,3.612,-0.647,0.512253494,,-509.5
11240,3.608,-0.647,0.510520774,,-511.31
11250,3.608,-0.647,0.508797626,,-513.11
11260,3.604,-0.647,0.507074478,,-514.91
11270,3.608,-0.647,0.505341758,,-516.72
11280,3.604,-0.646,0.50361861,,-518.52
11290,3.604,-0.646,0.501885889,,-520.33
11300,3.604,-0.646,0.500162742,,-522.13
11310,3.604,-0.646,0.498439594,,-523.93
11320,3.604,-0.645,0.496706873,,-525.74
11330,3.604,-0.645,0.494983726,,-527.54
11340,3.6,-0.646,0.493260578,,-529.34
11350,3.6,0,0.492628757,,-530
11360,3.884,0,0.492628757,,-530
11370,3.892,0,0.492628757,,-530
11380,3.896,0,0.492628757,,-530
11390,3.9,0,0.492628757,,-530
11400,3.9,0,0.492628757,,-530
11410,3.9,0,0.492628757,,-530
11420,3.908,0,0.492628757,,-530
11430,3.908,0,0.492628757,,-530
11440,3.912,0,0.492628757,,-530
11450,3.908,0,0.492628757,,-530
11460,3.912,0,0.492628757,,-530
11470,3.912,0,0.492628757,,-530
11480,3.912,0,0.492628757,,-530
11490,3.916,0,0.492628757,,-530
11500,3.916,0,0.492628757,,-530
11510,3.916,0,0.492628757,,-530
11520,3.916,0,0.492628757,,-530
11530,3.916,0,0.492628757,,-530
11540,3.92,0,0.492628757,,-530
11550,3.916,0,0.492628757,,-530
11560,3.92,0,0.492628757,,-530
11570,3.92,0,0.492628757,,-530
11580,3.92,0,0.492628757,,-530
11590,3.924,0,0.492628757,,-530
11600,3.92,0,0.492628757,,-530
11610,3.92,0,0.492628757,,-530
11620,3.92,0,0.492628757,,-530
11630,3.92,0,0.492628757,,-530
11640,3.92,0,0.492628757,,-530
11650,3.924,0,0.492628757,,-530
11660,3.92,0,0.492628757,,-530
11670,3.92,0,0.492628757,,-530
11680,3.924,0,0.492628757,,-530
11690,3.924,0,0.492628757,,-530
11700,3.924,0,0.492628757,,-530
11710,3.924,0,0.492628757,,-530
11720,3.92,0,0.492628757,,-530
11730,3.924,0,0.492628757,,-530
11740,3.924,0,0.492628757,,-530
11750,3.924,0,0.492628757,,-530
11760,3.924,0,0.492628757,,-530
11770,3.92,0,0.492628757,,-530
11780,3.924,0,0.492628757,,-530
11790,3.924,0,0.492628757,,-530
11800,3.924,0,0.492628757,,-530
11810,3.924,0,0.492628757,,-530
11820,3.928,0,0.492628757,,-530
11830,3.928,0,0.492628757,,-530
11840,3.924,0,0.492628757,,-530
11850,3.924,0,0.492628757,,-530
11860,3.928,0,0.492628757,,-530
11870,3.924,0,0.492628757,,-530
11880,3.924,0,0.492628757,,-530
11890,3.928,0,0.492628757,,-530
11900,3.928,0,0.492628757,,-530
11910,3.928,0,0.492628757,,-530
11920,3.928,0,0.492628757,,-530
11930,3.924,0,0.492628757,,-530
11940,3.928,0,0.492628757,,-530
11950,3.928,0,0.492628757,,-530
11960,3.928,0,0.492628757,,-530
11970,3.928,0,0.492628757,,-530
11980,3.932,0,0.492628757,,-530
11990,3.928,0,0.492628757,,-530
12000,3.928,0,0.492628757,,-530
12010,3.928,0,0.492628757,,-530
12020,3.928,0,0.492628757,,-530
12030,3.928,0,0.492628757,,-530
12040,3.928,0,0.492628757,,-530
12050,3.928,0,0.492628757,,-530
12060,3.928,0,0.492628757,,-530
12070,3.928,0,0.492628757,,-530
12080,3.928,0,0.492628757,,-530
12090,3.928,0,0.492628757,,-530
12100,3.928,0,0.492628757,,-530
12110,3.928,0,0.492628757,,-530
12120,3.928,0,0.492628757,,-530
12130,3.928,0,0.492628757,,-530
12140,3.928,0,0.492628757,,-530
12150,3.928,0,0.492628757,,-530
12160,3.928,0,0.492628757,,-530
12170,3.928,0,0.492628757,,-530
12180,3.928,0,0.492628757,,-530
12190,3.932,0,0.492628757,,-530
12200,3.928,0,0.492628757,,-530
12210,3.928,0,0.492628757,,-530
12220,3.928,0,0.492628757,,-530
12230,3.928,0,0.492628757,,-530
12240,3.932,0,0.492628757,,-530
12250,3.928,0,0.492628757,,-530
12260,3.928,0,0.492628757,,-530
12270,3.928,0,0.492628757,,-530
12280,3.932,0,0.492628757,,-530
12290,3.932,0,0.492628757,,-530
12300,3.928,0,0.492628757,,-530
12310,3.932,0,0.492628757,,-530
12320,3.932,0,0.492628757,,-530
12330,3.928,0,0.492628757,,-530
12340,3.932,0,0.492628757,,-530
12350,3.932,0,0.492628757,,-530
12360,3.932,0,0.492628757,,-530
12370,3.928,0,0.492628757,,-530
12380,3.932,0,0.492628757,,-530
12390,3.932,0,0.492628757,,-530
12400,3.932,0,0.492628757,,-530
12410,3.932,0,0.492628757,,-530
12420,3.932,0,0.492628757,,-530
12430,3.932,0,0.492628757,,-530
12440,3.932,0,0.492628757,,-530
12450,3.932,0,0.492628757,,-530
12460,3.932,0,0.492628757,,-530
12470,3.932,0,0.492628757,,-530
12480,3.932,0,0.492628757,,-530
12490,3.932,0,0.492628757,,-530
12500,3.928,0,0.492628757,,-530
12510,3.932,0,0.492628757,,-530
12520,3.932,0,0.492628757,,-530
12530,3.932,0,0.492628757,,-530
12540,3.932,0,0.492628757,,-530
12550,3.932,0,0.492628757,,-530
12560,3.932,0,0.492628757,,-530
12570,3.932,0,0.492628757,,-530
12580,3.928,0,0.492628757,,-530
12590,3.932,0,0.492628757,,-530
12600,3.932,0,0.492628757,,-530
12610,3.932,0,0.492628757,,-530
12620,3.932,0,0.492628757,,-530
12630,3.932,0,0.492628757,,-530
12640,3.932,0,0.492628757,,-530
12650,3.932,0,0.492628757,,-530
12660,3.932,0,0.492628757,,-530
12670,3.932,0,0.492628757,,-530
12680,3.932,0,0.492628757,,-530
12690,3.932,0,0.492628757,,-530
12700,3.932,0,0.492628757,,-530
12710,3.936,0,0.492628757,,-530
12720,3.932,0,0.492628757,,-530
12730,3.932,0,0.492628757,,-530
12740,3.932,0,0.492628757,,-530
12750,3.932,0,0.492628757,,-530
12760,3.932,0,0.492628757,,-530
12770,3.932,0,0.492628757,,-530
12780,3.932,0,0.492628757,,-530
12790,3.932,0,0.492628757,,-530
12800,3.932,0,0.492628757,,-530
12810,3.932,0,0.492628757,,-530
12820,3.936,0,0.492628757,,-530
12830,3.932,0,0.492628757,,-530
12840,3.932,0,0.492628757,,-530
12850,3.932,0,0.492628757,,-530
12860,3.932,0,0.492628757,,-530
12870,3.932,0,0.492628757,,-530
12880,3.932,0,0.492628757,,-530
12890,3.932,0,0.492628757,,-530
12900,3.932,0,0.492628757,,-530
12910,3.932,0,0.492628757,,-530
12920,3.932,0,0.492628757,,-530
12930,3.932,0,0.492628757,,-530
12940,3.932,0,0.492628757,,-530
12950,3.932,0,0.492628757,,-530
12960,3.932,0,0.492628757,,-530
12970,3.932,0,0.492628757,,-530
12980,3.932,0,0.492628757,,-530
12990,3.928,0,0.492628757,,-530
13000,3.936,0,0.492628757,,-530
13010,3.936,0,0.492628757,,-530
13020,3.932,0,0.492628757,,-530
13030,3.932,0,0.492628757,,-530
13040,3.932,0,0.492628757,,-530
13050,3.932,0,0.492628757,,-530
13060,3.932,0,0.492628757,,-530
13070,3.932,0,0.492628757,,-530
13080,3.932,0,0.492628757,,-530
13090,3.932,0,0.492628757,,-530
13100,3.932,0,0.492628757,,-530
13110,3.932,0,0.492628757,,-530
13120,3.932,0,0.492628757,,-530
13130,3.932,0,0.492628757,,-530
13140,3.932,0,0.492628757,,-530
13150,3.928,0,0.492628757,,-530
13160,3.936,0,0.492628757,,-530
13170,3.932,0,0.492628757,,-530
13180,3.932,0,0.492628757,,-530
13190,3.932,0,0.492628757,,-530
13200,3.932,0,0.492628757,,-530
13210,3.936,0,0.492628757,,-530
13220,3.932,0,0.492628757,,-530
13230,3.932,0,0.492628757,,-530
13240,3.936,0,0.492628757,,-530
13250,3.932,0,0.492628757,,-530
13260,3.932,0,0.492628757,,-530
13270,3.932,0,0.492628757,,-530
13280,3.932,0,0.492628757,,-530
13290,3.932,0,0.492628757,,-530
13300,3.932,0,0.492628757,,-530
13310,3.932,0,0.492628757,,-530
13320,3.932,0,0.492628757,,-530
13330,3.936,0,0.492628757,,-530
13340,3.932,0,0.492628757,,-530
13350,3.932,0,0.492628757,,-530
13360,3.932,0,0.492628757,,-530
13370,3.932,0,0.492628757,,-530
13380,3.932,0,0.492628757,,-530
13390,3.936,0,0.492628757,,-530
13400,3.936,0,0.492628757,,-530
13410,3.932,0,0.492628757,,-530
13420,3.932,0,0.492628757,,-530
13430,3.932,0,0.492628757,,-530
13440,3.932,0,0.492628757,,-530
13450,3.932,0,0.492628757,,-530
13460,3.604,-0.646,0.492619184,,-530.01
13470,3.632,-0.651,0.490876891,,-531.83
13480,3.624,-0.65,0.48914417,,-533.64
13490,3.62,-0.649,0.487401876,,-535.46
13500,3.616,-0.649,0.485659583,,-537.28
13510,3.616,-0.648,0.483926862,,-539.09
13520,3.608,-0.647,0.482203714,,-540.89
13530,3.608,-0.647,0.480480567,,-542.69
13540,3.604,-0.647,0.478747846,,-544.5
13550,3.604,-0.646,0.477024698,,-546.3
13560,3.604,-0.646,0.475301551,,-548.1
13570,3.6,-0.645,0.47356883,,-549.91
13580,3.596,-0.645,0.471845683,,-551.71
13590,3.592,-0.645,0.470122535,,-553.51
13600,3.592,-0.645,0.468389814,,-555.32
13610,3.592,-0.644,0.466666667,,-557.12
13620,3.592,-0.644,0.464943519,,-558.92
13630,3.588,-0.643,0.463220371,,-560.72
13640,3.588,-0.644,0.461497224,,-562.52
13650,3.584,-0.643,0.459783649,,-564.31
13660,3.584,-0.643,0.458070075,,-566.1
13670,3.584,-0.643,0.4563565,,-567.89
13680,3.58,-0.643,0.454633352,,-569.69
13690,3.584,-0.643,0.452919778,,-571.48
13700,3.58,-0.643,0.451206203,,-573.27
13710,3.58,-0.642,0.449492629,,-575.06
13720,3.58,-0.642,0.447779054,,-576.85
13730,3.58,-0.642,0.44606548,,-578.64
13740,3.576,-0.642,0.444351905,,-580.43
13750,3.576,-0.642,0.44263833,,-582.22
13760,3.58,-0.641,0.440915183,,-584.02
13770,3.572,-0.641,0.439201608,,-585.81
13780,3.572,-0.642,0.437488034,,-587.6
13790,3.572,-0.641,0.435774459,,-589.39
13800,3.572,-0.641,0.434060885,,-591.18
13810,3.572,-0.641,0.43234731,,-592.97
13820,3.572,-0.64,0.430633735,,-594.76
13830,3.568,-0.641,0.428920161,,-596.55
13840,3.568,-0.64,0.427206586,,-598.34
13850,3.568,-0.64,0.425483439,,-600.14
13860,3.564,-0.64,0.423769864,,-601.93
13870,3.564,-0.64,0.422056289,,-603.72
13880,3.564,-0.64,0.420342715,,-605.51
13890,3.564,-0.64,0.418638713,,-607.29
13900,3.564,-0.639,0.416925139,,-609.08
13910,3.564,-0.639,0.415221137,,-610.86
13920,3.56,-0.639,0.413507563,,-612.65
13930,3.564,-0.639,0.411803561,,-614.43
13940,3.56,-0.639,0.41009956,,-616.21
13950,3.56,-0.638,0.408395558,,-617.99
13960,3.56,-0.639,0.406691557,,-619.77
13970,3.56,-0.638,0.404987555,,-621.55
13980,3.556,-0.638,0.403283554,,-623.33
13990,3.556,-0.638,0.401589125,,-625.1
14000,3.556,-0.638,0.399885123,,-626.88
14010,3.556,-0.638,0.398181122,,-628.66
14020,3.556,-0.638,0.39647712,,-630.44
14030,3.556,-0.637,0.394773119,,-632.22
14040,3.552,-0.638,0.393069117,,-634
14050,3.556,-0.637,0.391365116,,-635.78
14060,3.552,0,0.391154509,,-636
14070,3.84,0,0.391154509,,-636
14080,3.848,0,0.391154509,,-636
14090,3.852,0,0.391154509,,-636
14100,3.856,0,0.391154509,,-636
14110,3.856,0,0.391154509,,-636
14120,3.864,0,0.391154509,,-636
14130,3.864,0,0.391154509,,-636
14140,3.864,0,0.391154509,,-636
14150,3.868,0,0.391154509,,-636
14160,3.868,0,0.391154509,,-636
14170,3.868,0,0.391154509,,-636
14180,3.872,0,0.391154509,,-636
14190,3.872,0,0.391154509,,-636
14200,3.872,0,0.391154509,,-636
14210,3.872,0,0.391154509,,-636
14220,3.872,0,0.391154509,,-636
14230,3.872,0,0.391154509,,-636
14240,3.872,0,0.391154509,,-636
14250,3.876,0,0.391154509,,-636
14260,3.872,0,0.391154509,,-636
14270,3.876,0,0.391154509,,-636
14280,3.876,0,0.391154509,,-636
14290,3.872,0,0.391154509,,-636
14300,3.876,0,0.391154509,,-636
14310,3.876,0,0.391154509,,-636
14320,3.876,0,0.391154509,,-636
14330,3.876,0,0.391154509,,-636
14340,3.88,0,0.391154509,,-636
14350,3.876,0,0.391154509,,-636
14360,3.876,0,0.391154509,,-636
14370,3.88,0,0.391154509,,-636
14380,3.88,0,0.391154509,,-636
14390,3.884,0,0.391154509,,-636
14400,3.88,0,0.391154509,,-636
14410,3.88,0,0.391154509,,-636
14420,3.88,0,0.391154509,,-636
14430,3.88,0,0.391154509,,-636
14440,3.88,0,0.391154509,,-636
14450,3.88,0,0.391154509,,-636
14460,3.88,0,0.391154509,,-636
14470,3.88,0,0.391154509,,-636
14480,3.88,0,0.391154509,,-636
14490,3.88,0,0.391154509,,-636
14500,3.88,0,0.391154509,,-636
14510,3.884,0,0.391154509,,-636
14520,3.88,0,0.391154509,,-636
14530,3.88,0,0.391154509,,-636
14540,3.884,0,0.391154509,,-636
14550,3.884,0,0.391154509,,-636
14560,3.884,0,0.391154509,,-636
14570,3.88,0,0.391154509,,-636
14580,3.884,0,0.391154509,,-636
14590,3.884,0,0.391154509,,-636
14600,3.884,0,0.391154509,,-636
14610,3.884,0,0.391154509,,-636
14620,3.884,0,0.391154509,,-636
14630,3.888,0,0.391154509,,-636
14640,3.88,0,0.391154509,,-636
14650,3.884,0,0.391154509,,-636
14660,3.884,0,0.391154509,,-636
14670,3.884,0,0.391154509,,-636
14680,3.884,0,0.391154509,,-636
14690,3.884,0,0.391154509,,-636
14700,3.884,0,0.391154509,,-636
14710,3.884,0,0.391154509,,-636
14720,3.884,0,0.391154509,,-636
14730,3.884,0,0.391154509,,-636
14740,3.884,0,0.391154509,,-636
14750,3.884,0,0.391154509,,-636
14760,3.884,0,0.391154509,,-636
14770,3.884,0,0.391154509,,-636
14780,3.884,0,0.391154509,,-636
14790,3.888,0,0.391154509,,-636
14800,3.884,0,0.391154509,,-636
14810,3.884,0,0.391154509,,-636
14820,3.884,0,0.391154509,,-636
14830,3.884,0,0.391154509,,-636
14840,3.884,0,0.391154509,,-636
14850,3.888,0,0.391154509,,-636
14860,3.884,0,0.391154509,,-636
14870,3.888,0,0.391154509,,-636
14880,3.884,0,0.391154509,,-636
14890,3.888,0,0.391154509,,-636
14900,3.888,0,0.391154509,,-636
14910,3.884,0,0.391154509,,-636
14920,3.888,0,0.391154509,,-636
14930,3.888,0,0.391154509,,-636
14940,3.888,0,0.391154509,,-636
14950,3.888,0,0.391154509,,-636
14960,3.888,0,0.391154509,,-636
14970,3.884,0,0.391154509,,-636
14980,3.888,0,0.391154509,,-636
14990,3.888,0,0.391154509,,-636
15000,3.888,0,0.391154509,,-636
15010,3.888,0,0.391154509,,-636
15020,3.888,0,0.391154509,,-636
15030,3.884,0,0.391154509,,-636
15040,3.888,0,0.391154509,,-636
15050,3.888,0,0.391154509,,-636
15060,3.888,0,0.391154509,,-636
15070,3.888,0,0.391154509,,-636
15080,3.884,0,0.391154509,,-636
15090,3.888,0,0.391154509,,-636
15100,3.888,0,0.391154509,,-636
15110,3.888,0,0.391154509,,-636
15120,3.888,0,0.391154509,,-636
15130,3.888,0,0.391154509,,-636
15140,3.888,0,0.391154509,,-636
15150,3.888,0,0.391154509,,-636
15160,3.888,0,0.391154509,,-636
15170,3.888,0,0.391154509,,-636
15180,3.888,0,0.391154509,,-636
15190,3.888,0,0.391154509,,-636
15200,3.888,0,0.391154509,,-636
15210,3.888,0,0.391154509,,-636
15220,3.888,0,0.391154509,,-636
15230,3.888,0,0.391154509,,-636
15240,3.888,0,0.391154509,,-636
15250,3.888,0,0.391154509,,-636
15260,3.888,0,0.391154509,,-636
15270,3.888,0,0.391154509,,-636
15280,3.888,0,0.391154509,,-636
15290,3.888,0,0.391154509,,-636
15300,3.888,0,0.391154509,,-636
15310,3.892,0,0.391154509,,-636
15320,3.888,0,0.391154509,,-636
15330,3.888,0,0.391154509,,-636
15340,3.888,0,0.391154509,,-636
15350,3.888,0,0.391154509,,-636
15360,3.892,0,0.391154509,,-636
15370,3.888,0,0.391154509,,-636
15380,3.888,0,0.391154509,,-636
15390,3.888,0,0.391154509,,-636
15400,3.888,0,0.391154509,,-636
15410,3.888,0,0.391154509,,-636
15420,3.888,0,0.391154509,,-636
15430,3.888,0,0.391154509,,-636
15440,3.888,0,0.391154509,,-636
15450,3.888,0,0.391154509,,-636
15460,3.892,0,0.391154509,,-636
15470,3.888,0,0.391154509,,-636
15480,3.888,0,0.391154509,,-636
15490,3.888,0,0.391154509,,-636
15500,3.888,0,0.391154509,,-636
15510,3.888,0,0.391154509,,-636
15520,3.888,0,0.391154509,,-636
15530,3.892,0,0.391154509,,-636
15540,3.892,0,0.391154509,,-636
15550,3.888,0,0.391154509,,-636
15560,3.888,0,0.391154509,,-636
15570,3.888,0,0.391154509,,-636
15580,3.888,0,0.391154509,,-636
15590,3.888,0,0.391154509,,-636
15600,3.884,0,0.391154509,,-636
15610,3.888,0,0.391154509,,-636
15620,3.888,0,0.391154509,,-636
15630,3.892,0,0.391154509,,-636
15640,3.892,0,0.391154509,,-636
15650,3.888,0,0.391154509,,-636
15660,3.888,0,0.391154509,,-636
15670,3.888,0,0.391154509,,-636
15680,3.888,0,0.391154509,,-636
15690,3.888,0,0.391154509,,-636
15700,3.888,0,0.391154509,,-636
15710,3.892,0,0.391154509,,-636
15720,3.888,0,0.391154509,,-636
15730,3.888,0,0.391154509,,-636
15740,3.892,0,0.391154509,,-636
15750,3.884,0,0.391154509,,-636
15760,3.888,0,0.391154509,,-636
15770,3.892,0,0.391154509,,-636
15780,3.888,0,0.391154509,,-636
15790,3.888,0,0.391154509,,-636
15800,3.888,0,0.391154509,,-636
15810,3.892,0,0.391154509,,-636
15820,3.888,0,0.391154509,,-636
15830,3.892,0,0.391154509,,-636
15840,3.888,0,0.391154509,,-636
15850,3.888,0,0.391154509,,-636
15860,3.888,0,0.391154509,,-636
15870,3.888,0,0.391154509,,-636
15880,3.888,0,0.391154509,,-636
15890,3.892,0,0.391154509,,-636
15900,3.888,0,0.391154509,,-636
15910,3.892,0,0.391154509,,-636
15920,3.888,0,0.391154509,,-636
15930,3.892,0,0.391154509,,-636
15940,3.892,0,0.391154509,,-636
15950,3.888,0,0.391154509,,-636
15960,3.892,0,0.391154509,,-636
15970,3.888,0,0.391154509,,-636
15980,3.888,0,0.391154509,,-636
15990,3.888,0,0.391154509,,-636
16000,3.892,0,0.391154509,,-636
16010,3.892,0,0.391154509,,-636
16020,3.888,0,0.391154509,,-636
16030,3.892,0,0.391154509,,-636
16040,3.892,0,0.391154509,,-636
16050,3.888,0,0.391154509,,-636
16060,3.888,0,0.391154509,,-636
16070,3.888,0,0.391154509,,-636
16080,3.888,0,0.391154509,,-636
16090,3.892,0,0.391154509,,-636
16100,3.888,0,0.391154509,,-636
16110,3.892,0,0.391154509,,-636
16120,3.888,0,0.391154509,,-636
16130,3.888,0,0.391154509,,-636
16140,3.888,0,0.391154509,,-636
16150,3.892,0,0.391154509,,-636
16160,3.888,0,0.391154509,,-636
16170,3.572,-0.64,0.391144936,,-636.01
16180,3.608,-0.647,0.389421788,,-637.81
16190,3.6,-0.646,0.387689068,,-639.62
16200,3.596,-0.645,0.38596592,,-641.42
16210,3.592,-0.644,0.384242772,,-643.22
16220,3.592,-0.643,0.382519625,,-645.02
16230,3.584,-0.643,0.38080605,,-646.81
16240,3.584,-0.643,0.379082903,,-648.61
16250,3.584,-0.642,0.377369328,,-650.4
16260,3.58,-0.642,0.375655753,,-652.19
16270,3.576,-0.642,0.373942179,,-653.98
16280,3.576,-0.641,0.372228604,,-655.77
16290,3.576,-0.641,0.37051503,,-657.56
16300,3.568,-0.64,0.368801455,,-659.35
16310,3.572,-0.64,0.367087881,,-661.14
16320,3.568,-0.641,0.365374306,,-662.93
16330,3.568,-0.64,0.363660731,,-664.72
16340,3.564,-0.64,0.361947157,,-666.51
16350,3.568,-0.639,0.360233582,,-668.3
16360,3.564,-0.639,0.358520008,,-670.09
16370,3.56,-0.639,0.356816006,,-671.87
16380,3.56,-0.639,0.355112005,,-673.65
16390,3.56,-0.64,0.353408003,,-675.43
16400,3.556,-0.639,0.351704002,,-677.21
16410,3.56,-0.638,0.35,,-678.99
16420,3.556,-0.638,0.348295998,,-680.77
16430,3.56,-0.638,0.346591997,,-682.55
16440,3.552,-0.638,0.344897568,,-684.32
16450,3.556,-0.637,0.343193567,,-686.1
16460,3.552,-0.637,0.341489565,,-687.88
16470,3.556,-0.638,0.339785564,,-689.66
16480,3.552,-0.637,0.338081562,,-691.44
16490,3.548,-0.637,0.336377561,,-693.22
16500,3.552,-0.637,0.334673559,,-695
16510,3.548,-0.637,0.332969558,,-696.78
16520,3.556,-0.637,0.331265556,,-698.56
16530,3.548,-0.637,0.329571128,,-700.33
16540,3.548,-0.636,0.327867126,,-702.11
16550,3.548,-0.636,0.326163125,,-703.89
16560,3.544,-0.636,0.324459123,,-705.67
16570,3.544,-0.636,0.322755122,,-707.45
16580,3.548,-0.636,0.32105112,,-709.23
16590,3.54,-0.636,0.319347119,,-711.01
16600,3.544,-0.636,0.317643117,,-712.79
16610,3.54,-0.636,0.315948688,,-714.56
16620,3.54,-0.636,0.314244687,,-716.34
16630,3.544,-0.635,0.312550258,,-718.11
16640,3.536,-0.635,0.310846257,,-719.89
16650,3.536,-0.635,0.309151828,,-721.66
16660,3.536,-0.635,0.3074574,,-723.43
16670,3.536,-0.635,0.305772545,,-725.19
16680,3.54,-0.635,0.304078116,,-726.96
16690,3.532,-0.635,0.302383688,,-728.73
16700,3.536,-0.634,0.300689259,,-730.5
16710,3.536,-0.634,0.299004404,,-732.26
16720,3.532,-0.634,0.297309975,,-734.03
16730,3.536,-0.634,0.295615547,,-735.8
16740,3.532,-0.634,0.293930691,,-737.56
16750,3.528,-0.633,0.292236263,,-739.33
16760,3.532,-0.633,0.290541834,,-741.1
16770,3.532,0,0.28970898,,-741.97
16780,3.8,0,0.28970898,,-741.97
16790,3.808,0,0.28970898,,-741.97
16800,3.808,0,0.28970898,,-741.97
16810,3.812,0,0.28970898,,-741.97
16820,3.82,0,0.28970898,,-741.97
16830,3.82,0,0.28970898,,-741.97
16840,3.82,0,0.28970898,,-741.97
16850,3.82,0,0.28970898,,-741.97
16860,3.824,0,0.28970898,,-741.97
16870,3.824,0,0.28970898,,-741.97
16880,3.828,0,0.28970898,,-741.97
16890,3.828,0,0.28970898,,-741.97
16900,3.828,0,0.28970898,,-741.97
16910,3.828,0,0.28970898,,-741.97
16920,3.828,0,0.28970898,,-741.97
16930,3.828,0,0.28970898,,-741.97
16940,3.832,0,0.28970898,,-741.97
16950,3.828,0,0.28970898,,-741.97
16960,3.832,0,0.28970898,,-741.97
16970,3.832,0,0.28970898,,-741.97
16980,3.832,0,0.28970898,,-741.97
16990,3.836,0,0.28970898,,-741.97
17000,3.832,0,0.28970898,,-741.97
17010,3.832,0,0.28970898,,-741.97
17020,3.832,0,0.28970898,,-741.97
17030,3.832,0,0.28970898,,-741.97
17040,3.832,0,0.28970898,,-741.97
17050,3.836,0,0.28970898,,-741.97
17060,3.832,0,0.28970898,,-741.97
17070,3.832,0,0.28970898,,-741.97
17080,3.832,0,0.28970898,,-741.97
17090,3.836,0,0.28970898,,-741.97
17100,3.836,0,0.28970898,,-741.97
17110,3.836,0,0.28970898,,-741.97
17120,3.836,0,0.28970898,,-741.97
17130,3.836,0,0.28970898,,-741.97
17140,3.84,0,0.28970898,,-741.97
17150,3.836,0,0.28970898,,-741.97
17160,3.836,0,0.28970898,,-741.97
17170,3.84,0,0.28970898,,-741.97
17180,3.836,0,0.28970898,,-741.97
17190,3.836,0,0.28970898,,-741.97
17200,3.844,0,0.28970898,,-741.97
17210,3.84,0,0.28970898,,-741.97
17220,3.84,0,0.28970898,,-741.97
17230,3.84,0,0.28970898,,-741.97
17240,3.836,0,0.28970898,,-741.97
17250,3.836,0,0.28970898,,-741.97
17260,3.836,0,0.28970898,,-741.97
17270,3.84,0,0.28970898,,-741.97
17280,3.836,0,0.28970898,,-741.97
17290,3.84,0,0.28970898,,-741.97
17300,3.84,0,0.28970898,,-741.97
17310,3.84,0,0.28970898,,-741.97
17320,3.84,0,0.28970898,,-741.97
17330,3.84,0,0.28970898,,-741.97
17340,3.84,0,0.28970898,,-741.97
17350,3.84,0,0.28970898,,-741.97
17360,3.84,0,0.28970898,,-741.97
17370,3.84,0,0.28970898,,-741.97
17380,3.84,0,0.28970898,,-741.97
17390,3.84,0,0.28970898,,-741.97
17400,3.84,0,0.28970898,,-741.97
17410,3.84,0,0.28970898,,-741.97
17420,3.84,0,0.28970898,,-741.97
17430,3.84,0,0.28970898,,-741.97
17440,3.84,0,0.28970898,,-741.97
17450,3.84,0,0.28970898,,-741.97
17460,3.84,0,0.28970898,,-741.97
17470,3.84,0,0.28970898,,-741.97
17480,3.84,0,0.28970898,,-741.97
17490,3.844,0,0.28970898,,-741.97
17500,3.84,0,0.28970898,,-741.97
17510,3.84,0,0.28970898,,-741.97
17520,3.84,0,0.28970898,,-741.97
17530,3.84,0,0.28970898,,-741.97
17540,3.844,0,0.28970898,,-741.97
17550,3.844,0,0.28970898,,-741.97
17560,3.844,0,0.28970898,,-741.97
17570,3.84,0,0.28970898,,-741.97
17580,3.84,0,0.28970898,,-741.97
17590,3.84,0,0.28970898,,-741.97
17600,3.844,0,0.28970898,,-741.97
17610,3.844,0,0.28970898,,-741.97
17620,3.844,0,0.28970898,,-741.97
17630,3.844,0,0.28970898,,-741.97
17640,3.844,0,0.28970898,,-741.97
17650,3.844,0,0.28970898,,-741.97
17660,3.844,0,0.28970898,,-741.97
17670,3.844,0,0.28970898,,-741.97
17680,3.844,0,0.28970898,,-741.97
17690,3.844,0,0.28970898,,-741.97
17700,3.84,0,0.28970898,,-741.97
17710,3.844,0,0.28970898,,-741.97
17720,3.844,0,0.28970898,,-741.97
17730,3.844,0,0.28970898,,-741.97
17740,3.844,0,0.28970898,,-741.97
17750,3.844,0,0.28970898,,-741.97
17760,3.844,0,0.28970898,,-741.97
17770,3.844,0,0.28970898,,-741.97
17780,3.844,0,0.28970898,,-741.97
17790,3.844,0,0.28970898,,-741.97
17800,3.844,0,0.28970898,,-741.97
17810,3.844,0,0.28970898,,-741.97
17820,3.844,0,0.28970898,,-741.97
17830,3.844,0,0.28970898,,-741.97
17840,3.844,0,0.28970898,,-741.97
17850,3.844,0,0.28970898,,-741.97
17860,3.844,0,0.28970898,,-741.97
17870,3.844,0,0.28970898,,-741.97
17880,3.844,0,0.28970898,,-741.97
17890,3.844,0,0.28970898,,-741.97
17900,3.844,0,0.28970898,,-741.97
17910,3.844,0,0.28970898,,-741.97
17920,3.848,0,0.28970898,,-741.97
17930,3.844,0,0.28970898,,-741.97
17940,3.844,0,0.28970898,,-741.97
17950,3.844,0,0.28970898,,-741.97
17960,3.844,0,0.28970898,,-741.97
17970,3.844,0,0.28970898,,-741.97
17980,3.844,0,0.28970898,,-741.97
17990,3.844,0,0.28970898,,-741.97
18000,3.844,0,0.28970898,,-741.97
18010,3.844,0,0.28970898,,-741.97
18020,3.848,0,0.28970898,,-741.97
18030,3.844,0,0.28970898,,-741.97
18040,3.844,0,0.28970898,,-741.97
18050,3.844,0,0.28970898,,-741.97
18060,3.848,0,0.28970898,,-741.97
18070,3.84,0,0.28970898,,-741.97
18080,3.844,0,0.28970898,,-741.97
18090,3.844,0,0.28970898,,-741.97
18100,3.844,0,0.28970898,,-741.97
18110,3.844,0,0.28970898,,-741.97
18120,3.844,0,0.28970898,,-741.97
18130,3.844,0,0.28970898,,-741.97
18140,3.844,0,0.28970898,,-741.97
18150,3.844,0,0.28970898,,-741.97
18160,3.848,0,0.28970898,,-741.97
18170,3.848,0,0.28970898,,-741.97
18180,3.844,0,0.28970898,,-741.97
18190,3.844,0,0.28970898,,-741.97
18200,3.844,0,0.28970898,,-741.97
18210,3.844,0,0.28970898,,-741.97
18220,3.844,0,0.28970898,,-741.97
18230,3.848,0,0.28970898,,-741.97
18240,3.844,0,0.28970898,,-741.97
18250,3.844,0,0.28970898,,-741.97
18260,3.844,0,0.28970898,,-741.97
18270,3.848,0,0.28970898,,-741.97
18280,3.852,0,0.28970898,,-741.97
18290,3.848,0,0.28970898,,-741.97
18300,3.848,0,0.28970898,,-741.97
18310,3.848,0,0.28970898,,-741.97
18320,3.844,0,0.28970898,,-741.97
18330,3.848,0,0.28970898,,-741.97
18340,3.848,0,0.28970898,,-741.97
18350,3.844,0,0.28970898,,-741.97
18360,3.848,0,0.28970898,,-741.97
18370,3.848,0,0.28970898,,-741.97
18380,3.848,0,0.28970898,,-741.97
18390,3.848,0,0.28970898,,-741.97
18400,3.844,0,0.28970898,,-741.97
18410,3.844,0,0.28970898,,-741.97
18420,3.844,0,0.28970898,,-741.97
18430,3.848,0,0.28970898,,-741.97
18440,3.848,0,0.28970898,,-741.97
18450,3.848,0,0.28970898,,-741.97
18460,3.848,0,0.28970898,,-741.97
18470,3.848,0,0.28970898,,-741.97
18480,3.844,0,0.28970898,,-741.97
18490,3.848,0,0.28970898,,-741.97
18500,3.848,0,0.28970898,,-741.97
18510,3.848,0,0.28970898,,-741.97
18520,3.844,0,0.28970898,,-741.97
18530,3.848,0,0.28970898,,-741.97
18540,3.848,0,0.28970898,,-741.97
18550,3.848,0,0.28970898,,-741.97
18560,3.848,0,0.28970898,,-741.97
18570,3.848,0,0.28970898,,-741.97
18580,3.848,0,0.28970898,,-741.97
18590,3.848,0,0.28970898,,-741.97
18600,3.848,0,0.28970898,,-741.97
18610,3.848,0,0.28970898,,-741.97
18620,3.848,0,0.28970898,,-741.97
18630,3.848,0,0.28970898,,-741.97
18640,3.848,0,0.28970898,,-741.97
18650,3.848,0,0.28970898,,-741.97
18660,3.848,0,0.28970898,,-741.97
18670,3.848,0,0.28970898,,-741.97
18680,3.848,0,0.28970898,,-741.97
18690,3.848,0,0.28970898,,-741.97
18700,3.848,0,0.28970898,,-741.97
18710,3.848,0,0.28970898,,-741.97
18720,3.848,0,0.28970898,,-741.97
18730,3.848,0,0.28970898,,-741.97
18740,3.848,0,0.28970898,,-741.97
18750,3.848,0,0.28970898,,-741.97
18760,3.848,0,0.28970898,,-741.97
18770,3.848,0,0.28970898,,-741.97
18780,3.852,0,0.28970898,,-741.97
18790,3.848,0,0.28970898,,-741.97
18800,3.848,0,0.28970898,,-741.97
18810,3.848,0,0.28970898,,-741.97
18820,3.848,0,0.28970898,,-741.97
18830,3.848,0,0.28970898,,-741.97
18840,3.848,0,0.28970898,,-741.97
18850,3.848,0,0.28970898,,-741.97
18860,3.848,0,0.28970898,,-741.97
18870,3.848,0,0.28970898,,-741.97
18880,3.524,-0.632,0.289699406,,-741.98
18890,3.556,-0.638,0.287985832,,-743.77
18900,3.56,-0.639,0.28628183,,-745.55
18910,3.552,-0.637,0.284577829,,-747.33
18920,3.552,-0.636,0.282873827,,-749.11
18930,3.544,-0.636,0.281169826,,-750.89
18940,3.54,-0.635,0.279475397,,-752.66
18950,3.54,-0.635,0.277771396,,-754.44
18960,3.536,-0.635,0.276076967,,-756.21
18970,3.532,-0.633,0.274392112,,-757.97
18980,3.536,-0.634,0.272697683,,-759.74
18990,3.528,-0.633,0.271003255,,-761.51
19000,3.528,-0.633,0.269318399,,-763.27
19010,3.528,-0.633,0.267623971,,-765.04
19020,3.52,-0.633,0.265929542,,-766.81
19030,3.524,-0.632,0.264244687,,-768.57
19040,3.52,-0.632,0.262550258,,-770.34
19050,3.524,-0.632,0.26085583,,-772.11
19060,3.516,-0.632,0.259170975,,-773.87
19070,3.516,-0.631,0.257476546,,-775.64
19080,3.516,-0.632,0.255782118,,-777.41
19090,3.516,-0.631,0.254097262,,-779.17
19100,3.512,-0.631,0.252412407,,-780.93
19110,3.512,-0.63,0.250727551,,-782.69
19120,3.512,-0.63,0.249042696,,-784.45
19130,3.512,-0.63,0.247367413,,-786.2
19140,3.512,-0.63,0.245682558,,-787.96
19150,3.508,-0.63,0.244007276,,-789.71
19160,3.508,-0.63,0.24232242,,-791.47
19170,3.504,-0.629,0.240647138,,-793.22
19180,3.504,-0.629,0.238962282,,-794.98
19190,3.504,-0.629,0.237287,,-796.73
19200,3.504,-0.629,0.235602144,,-798.49
19210,3.504,-0.629,0.233926862,,-800.24
19220,3.504,-0.629,0.23225158,,-801.99
19230,3.5,-0.628,0.230566724,,-803.75
19240,3.5,-0.628,0.228891442,,-805.5
19250,3.5,-0.628,0.227206586,,-807.26
19260,3.496,-0.628,0.225531304,,-809.01
19270,3.5,-0.627,0.223846448,,-810.77
19280,3.496,-0.627,0.222171166,,-812.52
19290,3.492,-0.627,0.220495884,,-814.27
19300,3.496,-0.627,0.218811028,,-816.03
19310,3.492,-0.627,0.217135746,,-817.78
19320,3.488,-0.627,0.21545089,,-819.54
19330,3.492,-0.627,0.213775608,,-821.29
19340,3.488,-0.626,0.212100325,,-823.04
19350,3.488,-0.626,0.210425043,,-824.79
19360,3.488,-0.626,0.208749761,,-826.54
19370,3.488,-0.625,0.207084051,,-828.28
19380,3.484,-0.625,0.205408769,,-830.03
19390,3.484,-0.625,0.20374306,,-831.77
19400,3.484,-0.625,0.20207735,,-833.51
19410,3.48,-0.625,0.200411641,,-835.25
19420,3.48,-0.625,0.198745931,,-836.99
19430,3.48,-0.625,0.197070649,,-838.74
19440,3.48,-0.625,0.19540494,,-840.48
19450,3.48,-0.624,0.19373923,,-842.22
19460,3.48,-0.624,0.192073521,,-843.96
19470,3.48,-0.624,0.190398239,,-845.71
19480,3.472,-0.624,0.188732529,,-847.45
19490,3.476,0,0.188244304,,-847.96
19500,3.748,0,0.188244304,,-847.96
19510,3.752,0,0.188244304,,-847.96
19520,3.756,0,0.188244304,,-847.96
19530,3.76,0,0.188244304,,-847.96
19540,3.76,0,0.188244304,,-847.96
19550,3.764,0,0.188244304,,-847.96
19560,3.768,0,0.188244304,,-847.96
19570,3.772,0,0.188244304,,-847.96
19580,3.772,0,0.188244304,,-847.96
19590,3.772,0,0.188244304,,-847.96
19600,3.772,0,0.188244304,,-847.96
19610,3.772,0,0.188244304,,-847.96
19620,3.772,0,0.188244304,,-847.96
19630,3.772,0,0.188244304,,-847.96
19640,3.772,0,0.188244304,,-847.96
19650,3.772,0,0.188244304,,-847.96
19660,3.776,0,0.188244304,,-847.96
19670,3.776,0,0.188244304,,-847.96
19680,3.776,0,0.188244304,,-847.96
19690,3.776,0,0.188244304,,-847.96
19700,3.776,0,0.188244304,,-847.96
19710,3.776,0,0.188244304,,-847.96
19720,3.776,0,0.188244304,,-847.96
19730,3.776,0,0.188244304,,-847.96
19740,3.78,0,0.188244304,,-847.96
19750,3.78,0,0.188244304,,-847.96
19760,3.78,0,0.188244304,,-847.96
19770,3.78,0,0.188244304,,-847.96
19780,3.776,0,0.188244304,,-847.96
19790,3.78,0,0.188244304,,-847.96
19800,3.78,0,0.188244304,,-847.96
19810,3.78,0,0.188244304,,-847.96
19820,3.784,0,0.188244304,,-847.96
19830,3.776,0,0.188244304,,-847.96
19840,3.78,0,0.188244304,,-847.96
19850,3.78,0,0.188244304,,-847.96
19860,3.784,0,0.188244304,,-847.96
19870,3.78,0,0.188244304,,-847.96
19880,3.78,0,0.188244304,,-847.96
19890,3.784,0,0.188244304,,-847.96
19900,3.78,0,0.188244304,,-847.96
19910,3.784,0,0.188244304,,-847.96
19920,3.784,0,0.188244304,,-847.96
19930,3.78,0,0.188244304,,-847.96
19940,3.784,0,0.188244304,,-847.96
19950,3.784,0,0.188244304,,-847.96
19960,3.784,0,0.188244304,,-847.96
19970,3.784,0,0.188244304,,-847.96
19980,3.784,0,0.188244304,,-847.96
19990,3.784,0,0.188244304,,-847.96
20000,3.784,0,0.188244304,,-847.96
20010,3.784,0,0.188244304,,-847.96
20020,3.784,0,0.188244304,,-847.96
20030,3.784,0,0.188244304,,-847.96
20040,3.784,0,0.188244304,,-847.96
20050,3.784,0,0.188244304,,-847.96
20060,3.784,0,0.188244304,,-847.96
20070,3.784,0,0.188244304,,-847.96
20080,3.784,0,0.188244304,,-847.96
20090,3.784,0,0.188244304,,-847.96
20100,3.784,0,0.188244304,,-847.96
20110,3.784,0,0.188244304,,-847.96
20120,3.784,0,0.188244304,,-847.96
20130,3.784,0,0.188244304,,-847.96
20140,3.784,0,0.188244304,,-847.96
20150,3.784,0,0.188244304,,-847.96
20160,3.784,0,0.188244304,,-847.96
20170,3.784,0,0.188244304,,-847.96
20180,3.784,0,0.188244304,,-847.96
20190,3.784,0,0.188244304,,-847.96
20200,3.784,0,0.188244304,,-847.96
20210,3.784,0,0.188244304,,-847.96
20220,3.784,0,0.188244304,,-847.96
20230,3.784,0,0.188244304,,-847.96
20240,3.788,0,0.188244304,,-847.96
20250,3.784,0,0.188244304,,-847.96
20260,3.784,0,0.188244304,,-847.96
20270,3.784,0,0.188244304,,-847.96
20280,3.784,0,0.188244304,,-847.96
20290,3.784,0,0.188244304,,-847.96
20300,3.784,0,0.188244304,,-847.96
20310,3.784,0,0.188244304,,-847.96
20320,3.788,0,0.188244304,,-847.96
20330,3.788,0,0.188244304,,-847.96
20340,3.788,0,0.188244304,,-847.96
20350,3.784,0,0.188244304,,-847.96
20360,3.788,0,0.188244304,,-847.96
20370,3.788,0,0.188244304,,-847.96
20380,3.788,0,0.188244304,,-847.96
20390,3.788,0,0.188244304,,-847.96
20400,3.784,0,0.188244304,,-847.96
20410,3.788,0,0.188244304,,-847.96
20420,3.788,0,0.188244304,,-847.96
20430,3.784,0,0.188244304,,-847.96
20440,3.788,0,0.188244304,,-847.96
20450,3.788,0,0.188244304,,-847.96
20460,3.784,0,0.188244304,,-847.96
20470,3.784,0,0.188244304,,-847.96
20480,3.788,0,0.188244304,,-847.96
20490,3.788,0,0.188244304,,-847.96
20500,3.788,0,0.188244304,,-847.96
20510,3.792,0,0.188244304,,-847.96
20520,3.792,0,0.188244304,,-847.96
20530,3.788,0,0.188244304,,-847.96
20540,3.788,0,0.188244304,,-847.96
20550,3.788,0,0.188244304,,-847.96
20560,3.784,0,0.188244304,,-847.96
20570,3.788,0,0.188244304,,-847.96
20580,3.788,0,0.188244304,,-847.96
20590,3.788,0,0.188244304,,-847.96
20600,3.788,0,0.188244304,,-847.96
20610,3.788,0,0.188244304,,-847.96
20620,3.788,0,0.188244304,,-847.96
20630,3.788,0,0.188244304,,-847.96
20640,3.788,0,0.188244304,,-847.96
20650,3.788,0,0.188244304,,-847.96
20660,3.788,0,0.188244304,,-847.96
20670,3.788,0,0.188244304,,-847.96
20680,3.788,0,0.188244304,,-847.96
20690,3.788,0,0.188244304,,-847.96
20700,3.788,0,0.188244304,,-847.96
20710,3.784,0,0.188244304,,-847.96
20720,3.788,0,0.188244304,,-847.96
20730,3.788,0,0.188244304,,-847.96
20740,3.788,0,0.188244304,,-847.96
20750,3.788,0,0.188244304,,-847.96
20760,3.788,0,0.188244304,,-847.96
20770,3.788,0,0.188244304,,-847.96
20780,3.788,0,0.188244304,,-847.96
20790,3.788,0,0.188244304,,-847.96
20800,3.788,0,0.188244304,,-847.96
20810,3.788,0,0.188244304,,-847.96
20820,3.788,0,0.188244304,,-847.96
20830,3.784,0,0.188244304,,-847.96
20840,3.788,0,0.188244304,,-847.96
20850,3.788,0,0.188244304,,-847.96
20860,3.788,0,0.188244304,,-847.96
20870,3.788,0,0.188244304,,-847.96
20880,3.788,0,0.188244304,,-847.96
20890,3.788,0,0.188244304,,-847.96
20900,3.788,0,0.188244304,,-847.96
20910,3.788,0,0.188244304,,-847.96
20920,3.788,0,0.188244304,,-847.96
20930,3.788,0,0.188244304,,-847.96
20940,3.788,0,0.188244304,,-847.96
20950,3.788,0,0.188244304,,-847.96
20960,3.788,0,0.188244304,,-847.96
20970,3.788,0,0.188244304,,-847.96
20980,3.788,0,0.188244304,,-847.96
20990,3.784,0,0.188244304,,-847.96
21000,3.788,0,0.188244304,,-847.96
21010,3.788,0,0.188244304,,-847.96
21020,3.788,0,0.188244304,,-847.96
21030,3.788,0,0.188244304,,-847.96
21040,3.788,0,0.188244304,,-847.96
21050,3.788,0,0.188244304,,-847.96
21060,3.788,0,0.188244304,,-847.96
21070,3.788,0,0.188244304,,-847.96
21080,3.788,0,0.188244304,,-847.96
21090,3.788,0,0.188244304,,-847.96
21100,3.788,0,0.188244304,,-847.96
21110,3.792,0,0.188244304,,-847.96
21120,3.788,0,0.188244304,,-847.96
21130,3.788,0,0.188244304,,-847.96
21140,3.792,0,0.188244304,,-847.96
21150,3.788,0,0.188244304,,-847.96
21160,3.788,0,0.188244304,,-847.96
21170,3.788,0,0.188244304,,-847.96
21180,3.788,0,0.188244304,,-847.96
21190,3.788,0,0.188244304,,-847.96
21200,3.788,0,0.188244304,,-847.96
21210,3.788,0,0.188244304,,-847.96
21220,3.788,0,0.188244304,,-847.96
21230,3.788,0,0.188244304,,-847.96
21240,3.788,0,0.188244304,,-847.96
21250,3.788,0,0.188244304,,-847.96
21260,3.792,0,0.188244304,,-847.96
21270,3.788,0,0.188244304,,-847.96
21280,3.788,0,0.188244304,,-847.96
21290,3.792,0,0.188244304,,-847.96
21300,3.788,0,0.188244304,,-847.96
21310,3.792,0,0.188244304,,-847.96
21320,3.788,0,0.188244304,,-847.96
21330,3.792,0,0.188244304,,-847.96
21340,3.792,0,0.188244304,,-847.96
21350,3.792,0,0.188244304,,-847.96
21360,3.788,0,0.188244304,,-847.96
21370,3.788,0,0.188244304,,-847.96
21380,3.788,0,0.188244304,,-847.96
21390,3.788,0,0.188244304,,-847.96
21400,3.792,0,0.188244304,,-847.96
21410,3.788,0,0.188244304,,-847.96
21420,3.792,0,0.188244304,,-847.96
21430,3.788,0,0.188244304,,-847.96
21440,3.788,0,0.188244304,,-847.96
21450,3.788,0,0.188244304,,-847.96
21460,3.792,0,0.188244304,,-847.96
21470,3.792,0,0.188244304,,-847.96
21480,3.788,0,0.188244304,,-847.96
21490,3.788,0,0.188244304,,-847.96
21500,3.788,0,0.188244304,,-847.96
21510,3.792,0,0.188244304,,-847.96
21520,3.788,0,0.188244304,,-847.96
21530,3.792,0,0.188244304,,-847.96
21540,3.792,0,0.188244304,,-847.96
21550,3.788,0,0.188244304,,-847.96
21560,3.788,0,0.188244304,,-847.96
21570,3.792,0,0.188244304,,-847.96
21580,3.792,0,0.188244304,,-847.96
21590,3.788,0,0.188244304,,-847.96
21600,3.472,-0.623,0.188234731,,-847.97
21610,3.508,-0.63,0.186559449,,-849.72
21620,3.504,-0.629,0.184874593,,-851.48
21630,3.508,-0.629,0.183199311,,-853.23
21640,3.496,-0.627,0.181514455,,-854.99
21650,3.492,-0.627,0.179839173,,-856.74
21660,3.488,-0.626,0.17816389,,-858.49
21670,3.488,-0.626,0.176488608,,-860.24
21680,3.488,-0.625,0.174822899,,-861.98
21690,3.488,-0.625,0.173157189,,-863.72
21700,3.484,-0.625,0.171481907,,-865.47
21710,3.48,-0.625,0.169816198,,-867.21
21720,3.48,-0.624,0.168150488,,-868.95
21730,3.476,-0.623,0.166484779,,-870.69
21740,3.472,-0.624,0.16481907,,-872.43
21750,3.476,-0.623,0.163143787,,-874.18
21760,3.472,-0.623,0.161478078,,-875.92
21770,3.468,-0.623,0.159812368,,-877.66
21780,3.468,-0.623,0.158146659,,-879.4
21790,3.468,-0.623,0.156471377,,-881.15
21800,3.468,-0.622,0.154805667,,-882.89
21810,3.472,-0.623,0.153139958,,-884.63
21820,3.464,-0.623,0.151474249,,-886.37
21830,3.468,-0.623,0.149808539,,-888.11
21840,3.464,-0.622,0.14814283,,-889.85
21850,3.464,-0.622,0.14647712,,-891.59
21860,3.464,-0.622,0.144820984,,-893.32
21870,3.464,-0.621,0.143164848,,-895.05
21880,3.468,-0.621,0.141499138,,-896.79
21890,3.456,-0.621,0.139843002,,-898.52
21900,3.46,-0.622,0.138186866,,-900.25
21910,3.456,-0.621,0.136530729,,-901.98
21920,3.46,-0.62,0.134874593,,-903.71
21930,3.46,-0.621,0.133218457,,-905.44
21940,3.452,-0.62,0.131562321,,-907.17
21950,3.46,-0.62,0.129906184,,-908.9
21960,3.452,-0.62,0.128250048,,-910.63
21970,3.448,-0.621,0.126593912,,-912.36
21980,3.448,-0.621,0.124937775,,-914.09
21990,3.452,-0.62,0.123281639,,-915.82
22000,3.452,-0.619,0.121625503,,-917.55
22010,3.448,-0.62,0.119969366,,-919.28
22020,3.444,-0.619,0.118322803,,-921
22030,3.444,-0.618,0.116666667,,-922.73
22040,3.444,-0.619,0.11501053,,-924.46
22050,3.444,-0.618,0.113354394,,-926.19
22060,3.444,-0.618,0.111698258,,-927.92
22070,3.436,-0.618,0.110042121,,-929.65
22080,3.44,-0.617,0.108395558,,-931.37
22090,3.436,-0.617,0.106748995,,-933.09
22100,3.436,-0.617,0.105112005,,-934.8
22110,3.432,-0.616,0.103465441,,-936.52
22120,3.432,-0.616,0.101818878,,-938.24
22130,3.432,-0.615,0.100172315,,-939.96
22140,3.428,-0.615,0.098535325,,-941.67
22150,3.424,-0.615,0.096888761,,-943.39
22160,3.42,-0.614,0.095242198,,-945.11
22170,3.42,-0.615,0.093595635,,-946.83
22180,3.416,-0.614,0.091958644,,-948.54
22190,3.416,-0.613,0.090312081,,-950.26
22200,3.416,-0.613,0.088675091,,-951.97
22210,3.408,-0.612,0.087038101,,-953.68
22220,3.408,0,0.086770056,,-953.96
22230,3.672,0,0.086770056,,-953.96
22240,3.68,0,0.086770056,,-953.96
22250,3.688,0,0.086770056,,-953.96
22260,3.692,0,0.086770056,,-953.96
22270,3.696,0,0.086770056,,-953.96
22280,3.7,0,0.086770056,,-953.96
22290,3.7,0,0.086770056,,-953.96
22300,3.704,0,0.086770056,,-953.96
22310,3.704,0,0.086770056,,-953.96
22320,3.708,0,0.086770056,,-953.96
22330,3.708,0,0.086770056,,-953.96
22340,3.708,0,0.086770056,,-953.96
22350,3.712,0,0.086770056,,-953.96
22360,3.712,0,0.086770056,,-953.96
22370,3.712,0,0.086770056,,-953.96
22380,3.712,0,0.086770056,,-953.96
22390,3.712,0,0.086770056,,-953.96
22400,3.716,0,0.086770056,,-953.96
22410,3.716,0,0.086770056,,-953.96
22420,3.716,0,0.086770056,,-953.96
22430,3.72,0,0.086770056,,-953.96
22440,3.716,0,0.086770056,,-953.96
22450,3.716,0,0.086770056,,-953.96
22460,3.716,0,0.086770056,,-953.96
22470,3.72,0,0.086770056,,-953.96
22480,3.72,0,0.086770056,,-953.96
22490,3.72,0,0.086770056,,-953.96
22500,3.72,0,0.086770056,,-953.96
22510,3.72,0,0.086770056,,-953.96
22520,3.724,0,0.086770056,,-953.96
22530,3.72,0,0.086770056,,-953.96
22540,3.724,0,0.086770056,,-953.96
22550,3.724,0,0.086770056,,-953.96
22560,3.724,0,0.086770056,,-953.96
22570,3.724,0,0.086770056,,-953.96
22580,3.724,0,0.086770056,,-953.96
22590,3.724,0,0.086770056,,-953.96
22600,3.724,0,0.086770056,,-953.96
22610,3.724,0,0.086770056,,-953.96
22620,3.724,0,0.086770056,,-953.96
22630,3.724,0,0.086770056,,-953.96
22640,3.724,0,0.086770056,,-953.96
22650,3.724,0,0.086770056,,-953.96
22660,3.724,0,0.086770056,,-953.96
22670,3.724,0,0.086770056,,-953.96
22680,3.724,0,0.086770056,,-953.96
22690,3.724,0,0.086770056,,-953.96
22700,3.728,0,0.086770056,,-953.96
22710,3.728,0,0.086770056,,-953.96
22720,3.728,0,0.086770056,,-953.96
22730,3.724,0,0.086770056,,-953.96
22740,3.728,0,0.086770056,,-953.96
22750,3.728,0,0.086770056,,-953.96
22760,3.728,0,0.086770056,,-953.96
22770,3.728,0,0.086770056,,-953.96
22780,3.728,0,0.086770056,,-953.96
22790,3.728,0,0.086770056,,-953.96
22800,3.728,0,0.086770056,,-953.96
22810,3.728,0,0.086770056,,-953.96
22820,3.728,0,0.086770056,,-953.96
22830,3.728,0,0.086770056,,-953.96
22840,3.728,0,0.086770056,,-953.96
22850,3.728,0,0.086770056,,-953.96
22860,3.728,0,0.086770056,,-953.96
22870,3.732,0,0.086770056,,-953.96
22880,3.728,0,0.086770056,,-953.96
22890,3.732,0,0.086770056,,-953.96
22900,3.728,0,0.086770056,,-953.96
22910,3.728,0,0.086770056,,-953.96
22920,3.728,0,0.086770056,,-953.96
22930,3.732,0,0.086770056,,-953.96
22940,3.732,0,0.086770056,,-953.96
22950,3.728,0,0.086770056,,-953.96
22960,3.728,0,0.086770056,,-953.96
22970,3.732,0,0.086770056,,-953.96
22980,3.728,0,0.086770056,,-953.96
22990,3.732,0,0.086770056,,-953.96
23000,3.732,0,0.086770056,,-953.96
23010,3.728,0,0.086770056,,-953.96
23020,3.732,0,0.086770056,,-953.96
23030,3.732,0,0.086770056,,-953.96
23040,3.728,0,0.086770056,,-953.96
23050,3.732,0,0.086770056,,-953.96
23060,3.732,0,0.086770056,,-953.96
23070,3.732,0,0.086770056,,-953.96
23080,3.732,0,0.086770056,,-953.96
23090,3.736,0,0.086770056,,-953.96
23100,3.732,0,0.086770056,,-953.96
23110,3.732,0,0.086770056,,-953.96
23120,3.732,0,0.086770056,,-953.96
23130,3.732,0,0.086770056,,-953.96
23140,3.732,0,0.086770056,,-953.96
23150,3.732,0,0.086770056,,-953.96
23160,3.732,0,0.086770056,,-953.96
23170,3.732,0,0.086770056,,-953.96
23180,3.732,0,0.086770056,,-953.96
23190,3.732,0,0.086770056,,-953.96
23200,3.732,0,0.086770056,,-953.96
23210,3.732,0,0.086770056,,-953.96
23220,3.732,0,0.086770056,,-953.96
23230,3.728,0,0.086770056,,-953.96
23240,3.732,0,0.086770056,,-953.96
23250,3.732,0,0.086770056,,-953.96
23260,3.732,0,0.086770056,,-953.96
23270,3.732,0,0.086770056,,-953.96
23280,3.736,0,0.086770056,,-953.96
23290,3.736,0,0.086770056,,-953.96
23300,3.736,0,0.086770056,,-953.96
23310,3.732,0,0.086770056,,-953.96
23320,3.732,0,0.086770056,,-953.96
23330,3.732,0,0.086770056,,-953.96
23340,3.732,0,0.086770056,,-953.96
23350,3.732,0,0.086770056,,-953.96
23360,3.736,0,0.086770056,,-953.96
23370,3.732,0,0.086770056,,-953.96
23380,3.732,0,0.086770056,,-953.96
23390,3.732,0,0.086770056,,-953.96
23400,3.732,0,0.086770056,,-953.96
23410,3.732,0,0.086770056,,-953.96
23420,3.732,0,0.086770056,,-953.96
23430,3.732,0,0.086770056,,-953.96
23440,3.736,0,0.086770056,,-953.96
23450,3.732,0,0.086770056,,-953.96
23460,3.736,0,0.086770056,,-953.96
23470,3.736,0,0.086770056,,-953.96
23480,3.732,0,0.086770056,,-953.96
23490,3.732,0,0.086770056,,-953.96
23500,3.732,0,0.086770056,,-953.96
23510,3.732,0,0.086770056,,-953.96
23520,3.732,0,0.086770056,,-953.96
23530,3.732,0,0.086770056,,-953.96
23540,3.736,0,0.086770056,,-953.96
23550,3.736,0,0.086770056,,-953.96
23560,3.736,0,0.086770056,,-953.96
23570,3.736,0,0.086770056,,-953.96
23580,3.736,0,0.086770056,,-953.96
23590,3.736,0,0.086770056,,-953.96
23600,3.736,0,0.086770056,,-953.96
23610,3.736,0,0.086770056,,-953.96
23620,3.736,0,0.086770056,,-953.96
23630,3.732,0,0.086770056,,-953.96
23640,3.732,0,0.086770056,,-953.96
23650,3.74,0,0.086770056,,-953.96
23660,3.732,0,0.086770056,,-953.96
23670,3.732,0,0.086770056,,-953.96
23680,3.736,0,0.086770056,,-953.96
23690,3.736,0,0.086770056,,-953.96
23700,3.736,0,0.086770056,,-953.96
23710,3.736,0,0.086770056,,-953.96
23720,3.736,0,0.086770056,,-953.96
23730,3.736,0,0.086770056,,-953.96
23740,3.736,0,0.086770056,,-953.96
23750,3.736,0,0.086770056,,-953.96
23760,3.736,0,0.086770056,,-953.96
23770,3.736,0,0.086770056,,-953.96
23780,3.74,0,0.086770056,,-953.96
23790,3.736,0,0.086770056,,-953.96
23800,3.732,0,0.086770056,,-953.96
23810,3.736,0,0.086770056,,-953.96
23820,3.736,0,0.086770056,,-953.96
23830,3.736,0,0.086770056,,-953.96
23840,3.736,0,0.086770056,,-953.96
23850,3.736,0,0.086770056,,-953.96
23860,3.736,0,0.086770056,,-953.96
23870,3.736,0,0.086770056,,-953.96
23880,3.736,0,0.086770056,,-953.96
23890,3.74,0,0.086770056,,-953.96
23900,3.736,0,0.086770056,,-953.96
23910,3.732,0,0.086770056,,-953.96
23920,3.736,0,0.086770056,,-953.96
23930,3.736,0,0.086770056,,-953.96
23940,3.736,0,0.086770056,,-953.96
23950,3.736,0,0.086770056,,-953.96
23960,3.736,0,0.086770056,,-953.96
23970,3.74,0,0.086770056,,-953.96
23980,3.736,0,0.086770056,,-953.96
23990,3.736,0,0.086770056,,-953.96
24000,3.736,0,0.086770056,,-953.96
24010,3.736,0,0.086770056,,-953.96
24020,3.736,0,0.086770056,,-953.96
24030,3.732,0,0.086770056,,-953.96
24040,3.736,0,0.086770056,,-953.96
24050,3.736,0,0.086770056,,-953.96
24060,3.736,0,0.086770056,,-953.96
24070,3.736,0,0.086770056,,-953.96
24080,3.736,0,0.086770056,,-953.96
24090,3.736,0,0.086770056,,-953.96
24100,3.736,0,0.086770056,,-953.96
24110,3.736,0,0.086770056,,-953.96
24120,3.736,0,0.086770056,,-953.96
24130,3.736,0,0.086770056,,-953.96
24140,3.736,0,0.086770056,,-953.96
24150,3.736,0,0.086770056,,-953.96
24160,3.736,0,0.086770056,,-953.96
24170,3.736,0,0.086770056,,-953.96
24180,3.74,0,0.086770056,,-953.96
24190,3.736,0,0.086770056,,-953.96
24200,3.736,0,0.086770056,,-953.96
24210,3.736,0,0.086770056,,-953.96
24220,3.74,0,0.086770056,,-953.96
24230,3.736,0,0.086770056,,-953.96
24240,3.736,0,0.086770056,,-953.96
24250,3.736,0,0.086770056,,-953.96
24260,3.736,0,0.086770056,,-953.96
24270,3.736,0,0.086770056,,-953.96
24280,3.74,0,0.086770056,,-953.96
24290,3.74,0,0.086770056,,-953.96
24300,3.74,0,0.086770056,,-953.96
24310,3.74,0,0.086770056,,-953.96
24320,3.736,0,0.086770056,,-953.96
24330,3.416,-0.613,0.086760482,,-953.97
24340,3.452,-0.62,0.085104346,,-955.7
24350,3.44,-0.617,0.08344821,,-957.43
24360,3.432,-0.616,0.08181122,,-959.14
24370,3.428,-0.614,0.080164656,,-960.86
24380,3.42,-0.613,0.078518093,,-962.58
24390,3.416,-0.613,0.076881103,,-964.29
24400,3.408,-0.612,0.075244113,,-966
24410,3.4,-0.61,0.073616695,,-967.7
24420,3.396,-0.61,0.071979705,,-969.41
24430,3.388,-0.609,0.070352288,,-971.11
24440,3.38,-0.608,0.068734444,,-972.8
24450,3.384,-0.606,0.067107027,,-974.5
24460,3.372,-0.606,0.065489182,,-976.19
24470,3.368,-0.604,0.063871338,,-977.88
24480,3.36,-0.603,0.062263067,,-979.56
24490,3.356,-0.602,0.060654796,,-981.24
24500,3.348,-0.602,0.059046525,,-982.92
24510,3.34,-0.6,0.057438254,,-984.6
24520,3.336,-0.599,0.055839556,,-986.27
24530,3.328,-0.597,0.054240858,,-987.94
24540,3.324,-0.596,0.05264216,,-989.61
24550,3.316,-0.595,0.051053035,,-991.27
24560,3.308,-0.594,0.04946391,,-992.93
24570,3.3,-0.592,0.047884358,,-994.58
24580,3.292,-0.592,0.046295233,,-996.24
24590,3.292,-0.59,0.044715681,,-997.89
24600,3.284,-0.589,0.043145702,,-999.53
24610,3.272,-0.589,0.04156615,,-1001.18
24620,3.272,-0.587,0.039996171,,-1002.82
24630,3.264,-0.586,0.038426192,,-1004.46
24640,3.252,-0.584,0.036865786,,-1006.09
24650,3.236,-0.582,0.03530538,,-1007.72
24660,3.236,-0.581,0.033754547,,-1009.34
24670,3.22,-0.578,0.032203714,,-1010.96
24680,3.208,-0.576,0.030662455,,-1012.57
24690,3.2,-0.574,0.029130768,,-1014.17
24700,3.184,-0.571,0.027599081,,-1015.77
24710,3.168,-0.569,0.026067394,,-1017.37
24720,3.156,-0.566,0.024554854,,-1018.95
24730,3.14,-0.564,0.023042313,,-1020.53
24740,3.12,-0.561,0.021539345,,-1022.1
24750,3.104,-0.557,0.020045951,,-1023.66
24760,3.088,-0.555,0.018562129,,-1025.21
24770,3.064,-0.55,0.017087881,,-1026.75
24780,3.036,-0.545,0.015623205,,-1028.28
24790,3.012,-0.541,0.014168103,,-1029.8
24800,2.98,-0.535,0.012732146,,-1031.3
24810,2.94,-0.528,0.011315336,,-1032.78
24820,2.884,-0.519,0.009908099,,-1034.25
24830,2.816,-0.506,0.008539154,,-1035.68
24840,2.704,-0.487,0.007218074,,-1037.06
24850,2.604,0,0.006232051,,-1038.09
24860,2.94,0,0.006232051,,-1038.09
24870,2.972,0,0.006232051,,-1038.09
24880,2.996,0,0.006232051,,-1038.09
24890,3.012,0,0.006232051,,-1038.09
24900,3.024,0,0.006232051,,-1038.09
24910,3.04,0,0.006232051,,-1038.09
24920,3.044,0,0.006232051,,-1038.09
24930,3.052,0,0.006232051,,-1038.09
24940,3.064,0,0.006232051,,-1038.09
24950,3.068,0,0.006232051,,-1038.09
24960,3.076,0,0.006232051,,-1038.09
24970,3.084,0,0.006232051,,-1038.09
24980,3.088,0,0.006232051,,-1038.09
24990,3.092,0,0.006232051,,-1038.09
25000,3.096,0,0.006232051,,-1038.09
25010,3.1,0,0.006232051,,-1038.09
25020,3.104,0,0.006232051,,-1038.09
25030,3.108,0,0.006232051,,-1038.09
25040,3.112,0,0.006232051,,-1038.09
25050,3.116,0,0.006232051,,-1038.09
25060,3.12,0,0.006232051,,-1038.09
25070,3.124,0,0.006232051,,-1038.09
25080,3.124,0,0.006232051,,-1038.09
25090,3.128,0,0.006232051,,-1038.09
25100,3.132,0,0.006232051,,-1038.09
25110,3.132,0,0.006232051,,-1038.09
25120,3.136,0,0.006232051,,-1038.09
25130,3.14,0,0.006232051,,-1038.09
25140,3.14,0,0.006232051,,-1038.09
25150,3.14,0,0.006232051,,-1038.09
25160,3.14,0,0.006232051,,-1038.09
25170,3.148,0,0.006232051,,-1038.09
25180,3.148,0,0.006232051,,-1038.09
25190,3.152,0,0.006232051,,-1038.09
25200,3.152,0,0.006232051,,-1038.09
25210,3.156,0,0.006232051,,-1038.09
25220,3.152,0,0.006232051,,-1038.09
25230,3.16,0,0.006232051,,-1038.09
25240,3.16,0,0.006232051,,-1038.09
25250,3.16,0,0.006232051,,-1038.09
25260,3.164,0,0.006232051,,-1038.09
25270,3.164,0,0.006232051,,-1038.09
25280,3.164,0,0.006232051,,-1038.09
25290,3.172,0,0.006232051,,-1038.09
25300,3.168,0,0.006232051,,-1038.09
25310,3.172,0,0.006232051,,-1038.09
25320,3.172,0,0.006232051,,-1038.09
25330,3.172,0,0.006232051,,-1038.09
25340,3.176,0,0.006232051,,-1038.09
25350,3.176,0,0.006232051,,-1038.09
25360,3.176,0,0.006232051,,-1038.09
25370,3.18,0,0.006232051,,-1038.09
25380,3.18,0,0.006232051,,-1038.09
25390,3.18,0,0.006232051,,-1038.09
25400,3.184,0,0.006232051,,-1038.09
25410,3.184,0,0.006232051,,-1038.09
25420,3.184,0,0.006232051,,-1038.09
25430,3.184,0,0.006232051,,-1038.09
25440,3.188,0,0.006232051,,-1038.09
25450,3.188,0,0.006232051,,-1038.09
25460,3.192,0,0.006232051,,-1038.09
25470,3.192,0,0.006232051,,-1038.09
25480,3.192,0,0.006232051,,-1038.09
25490,3.192,0,0.006232051,,-1038.09
25500,3.192,0,0.006232051,,-1038.09
25510,3.196,0,0.006232051,,-1038.09
25520,3.196,0,0.006232051,,-1038.09
25530,3.196,0,0.006232051,,-1038.09
25540,3.2,0,0.006232051,,-1038.09
25550,3.196,0,0.006232051,,-1038.09
25560,3.2,0,0.006232051,,-1038.09
25570,3.2,0,0.006232051,,-1038.09
25580,3.2,0,0.006232051,,-1038.09
25590,3.204,0,0.006232051,,-1038.09
25600,3.204,0,0.006232051,,-1038.09
25610,3.204,0,0.006232051,,-1038.09
25620,3.208,0,0.006232051,,-1038.09
25630,3.208,0,0.006232051,,-1038.09
25640,3.204,0,0.006232051,,-1038.09
25650,3.208,0,0.006232051,,-1038.09
25660,3.208,0,0.006232051,,-1038.09
25670,3.212,0,0.006232051,,-1038.09
25680,3.212,0,0.006232051,,-1038.09
25690,3.208,0,0.006232051,,-1038.09
25700,3.212,0,0.006232051,,-1038.09
25710,3.212,0,0.006232051,,-1038.09
25720,3.216,0,0.006232051,,-1038.09
25730,3.216,0,0.006232051,,-1038.09
25740,3.216,0,0.006232051,,-1038.09
25750,3.22,0,0.006232051,,-1038.09
25760,3.216,0,0.006232051,,-1038.09
25770,3.22,0,0.006232051,,-1038.09
25780,3.22,0,0.006232051,,-1038.09
25790,3.216,0,0.006232051,,-1038.09
25800,3.22,0,0.006232051,,-1038.09
25810,3.22,0,0.006232051,,-1038.09
25820,3.22,0,0.006232051,,-1038.09
25830,3.224,0,0.006232051,,-1038.09
25840,3.22,0,0.006232051,,-1038.09
25850,3.224,0,0.006232051,,-1038.09
25860,3.224,0,0.006232051,,-1038.09
25870,3.224,0,0.006232051,,-1038.09
25880,3.224,0,0.006232051,,-1038.09
25890,3.228,0,0.006232051,,-1038.09
25900,3.228,0,0.006232051,,-1038.09
25910,3.228,0,0.006232051,,-1038.09
25920,3.228,0,0.006232051,,-1038.09
25930,3.228,0,0.006232051,,-1038.09
25940,3.232,0,0.006232051,,-1038.09
25950,3.228,0,0.006232051,,-1038.09
25960,3.232,0,0.006232051,,-1038.09
25970,3.232,0,0.006232051,,-1038.09
25980,3.232,0,0.006232051,,-1038.09
25990,3.236,0,0.006232051,,-1038.09
26000,3.232,0,0.006232051,,-1038.09
26010,3.236,0,0.006232051,,-1038.09
26020,3.236,0,0.006232051,,-1038.09
26030,3.236,0,0.006232051,,-1038.09
26040,3.236,0,0.006232051,,-1038.09
26050,3.236,0,0.006232051,,-1038.09
26060,3.236,0,0.006232051,,-1038.09
26070,3.236,0,0.006232051,,-1038.09
26080,3.24,0,0.006232051,,-1038.09
26090,3.24,0,0.006232051,,-1038.09
26100,3.24,0,0.006232051,,-1038.09
26110,3.244,0,0.006232051,,-1038.09
26120,3.24,0,0.006232051,,-1038.09
26130,3.24,0,0.006232051,,-1038.09
26140,3.244,0,0.006232051,,-1038.09
26150,3.244,0,0.006232051,,-1038.09
26160,3.24,0,0.006232051,,-1038.09
26170,3.244,0,0.006232051,,-1038.09
26180,3.244,0,0.006232051,,-1038.09
26190,3.248,0,0.006232051,,-1038.09
26200,3.244,0,0.006232051,,-1038.09
26210,3.244,0,0.006232051,,-1038.09
26220,3.244,0,0.006232051,,-1038.09
26230,3.248,0,0.006232051,,-1038.09
26240,3.248,0,0.006232051,,-1038.09
26250,3.248,0,0.006232051,,-1038.09
26260,3.248,0,0.006232051,,-1038.09
26270,3.248,0,0.006232051,,-1038.09
26280,3.248,0,0.006232051,,-1038.09
26290,3.252,0,0.006232051,,-1038.09
26300,3.252,0,0.006232051,,-1038.09
26310,3.248,0,0.006232051,,-1038.09
26320,3.252,0,0.006232051,,-1038.09
26330,3.252,0,0.006232051,,-1038.09
26340,3.252,0,0.006232051,,-1038.09
26350,3.248,0,0.006232051,,-1038.09
26360,3.252,0,0.006232051,,-1038.09
26370,3.252,0,0.006232051,,-1038.09
26380,3.256,0,0.006232051,,-1038.09
26390,3.256,0,0.006232051,,-1038.09
26400,3.256,0,0.006232051,,-1038.09
26410,3.256,0,0.006232051,,-1038.09
26420,3.256,0,0.006232051,,-1038.09
26430,3.256,0,0.006232051,,-1038.09
26440,3.256,0,0.006232051,,-1038.09
26450,3.256,0,0.006232051,,-1038.09
26460,3.256,0,0.006232051,,-1038.09
26470,3.26,0,0.006232051,,-1038.09
26480,3.256,0,0.006232051,,-1038.09
26490,3.26,0,0.006232051,,-1038.09
26500,3.26,0,0.006232051,,-1038.09
26510,3.264,0,0.006232051,,-1038.09
26520,3.26,0,0.006232051,,-1038.09
26530,3.26,0,0.006232051,,-1038.09
26540,3.264,0,0.006232051,,-1038.09
26550,3.264,0,0.006232051,,-1038.09
26560,3.264,0,0.006232051,,-1038.09
26570,3.264,0,0.006232051,,-1038.09
26580,3.264,0,0.006232051,,-1038.09
26590,3.264,0,0.006232051,,-1038.09
26600,3.264,0,0.006232051,,-1038.09
26610,3.264,0,0.006232051,,-1038.09
26620,3.268,0,0.006232051,,-1038.09
26630,3.264,0,0.006232051,,-1038.09
26640,3.264,0,0.006232051,,-1038.09
26650,3.268,0,0.006232051,,-1038.09
26660,3.264,0,0.006232051,,-1038.09
26670,3.272,0,0.006232051,,-1038.09
26680,3.268,0,0.006232051,,-1038.09
26690,3.268,0,0.006232051,,-1038.09
26700,3.268,0,0.006232051,,-1038.09
26710,3.268,0,0.006232051,,-1038.09
26720,3.268,0,0.006232051,,-1038.09
26730,3.268,0,0.006232051,,-1038.09
26740,3.268,0,0.006232051,,-1038.09
26750,3.272,0,0.006232051,,-1038.09
26760,3.268,0,0.006232051,,-1038.09
26770,3.272,0,0.006232051,,-1038.09
26780,3.272,0,0.006232051,,-1038.09
26790,3.272,0,0.006232051,,-1038.09
26800,3.272,0,0.006232051,,-1038.09
26810,3.272,0,0.006232051,,-1038.09
26820,3.272,0,0.006232051,,-1038.09
26830,3.276,0,0.006232051,,-1038.09
26840,3.272,0,0.006232051,,-1038.09
26850,3.276,0,0.006232051,,-1038.09
26860,3.276,0,0.006232051,,-1038.09
26870,3.272,0,0.006232051,,-1038.09
26880,3.276,0,0.006232051,,-1038.09
26890,3.276,0,0.006232051,,-1038.09
26900,3.276,0,0.006232051,,-1038.09
26910,3.272,0,0.006232051,,-1038.09
26920,3.276,0,0.006232051,,-1038.09
26930,3.276,0,0.006232051,,-1038.09
26940,3.276,0,0.006232051,,-1038.09
26950,3.28,0,0.006232051,,-1038.09
26960,3.012,-0.528,0.006232051,,-1038.09
26970,2.972,-0.522,0.00481524,,-1039.57
26980,2.92,-0.515,0.003436722,,-1041.01
26990,2.84,-0.502,0.00207735,,-1042.43
27000,2.708,-0.479,0.000765843,,-1043.8
27010,2.6,0,0,,-1044.6
27020,2.924,0,0,,-1044.6
27030,2.944,0,0,,-1044.6
27040,2.96,0,0,,-1044.6
27050,2.972,0,0,,-1044.6
27060,2.98,0,0,,-1044.6
27070,2.984,0,0,,-1044.6
27080,2.992,0,0,,-1044.6
27090,3,0,0,,-1044.6
27100,3.004,0,0,,-1044.6
27110,3.008,0,0,,-1044.6
27120,3.012,0,0,,-1044.6
27130,3.016,0,0,,-1044.6
27140,3.024,0,0,,-1044.6
27150,3.028,0,0,,-1044.6
27160,3.032,0,0,,-1044.6
27170,3.032,0,0,,-1044.6
27180,3.036,0,0,,-1044.6
27190,3.04,0,0,,-1044.6
27200,3.04,0,0,,-1044.6
27210,3.044,0,0,,-1044.6
27220,3.052,0,0,,-1044.6
27230,3.048,0,0,,-1044.6
27240,3.048,0,0,,-1044.6
27250,3.056,0,0,,-1044.6
27260,3.056,0,0,,-1044.6
27270,3.06,0,0,,-1044.6
27280,3.06,0,0,,-1044.6
27290,3.064,0,0,,-1044.6
27300,3.064,0,0,,-1044.6
27310,3.064,0,0,,-1044.6
27320,3.068,0,0,,-1044.6
27330,3.072,0,0,,-1044.6
27340,3.076,0,0,,-1044.6
27350,3.076,0,0,,-1044.6
27360,3.08,0,0,,-1044.6
27370,3.08,0,0,,-1044.6
27380,3.084,0,0,,-1044.6
27390,3.08,0,0,,-1044.6
27400,3.084,0,0,,-1044.6
27410,3.084,0,0,,-1044.6
27420,3.084,0,0,,-1044.6
27430,3.088,0,0,,-1044.6
27440,3.092,0,0,,-1044.6
27450,3.092,0,0,,-1044.6
27460,3.092,0,0,,-1044.6
27470,3.096,0,0,,-1044.6
27480,3.096,0,0,,-1044.6
27490,3.096,0,0,,-1044.6
27500,3.1,0,0,,-1044.6
27510,3.1,0,0,,-1044.6
27520,3.1,0,0,,-1044.6
27530,3.1,0,0,,-1044.6
27540,3.104,0,0,,-1044.6
27550,3.104,0,0,,-1044.6
27560,3.104,0,0,,-1044.6
27570,3.108,0,0,,-1044.6
27580,3.108,0,0,,-1044.6
27590,3.108,0,0,,-1044.6
27600,3.112,0,0,,-1044.6
27610,3.112,0,0,,-1044.6
27620,3.112,0,0,,-1044.6
27630,3.116,0,0,,-1044.6
27640,3.116,0,0,,-1044.6
27650,3.116,0,0,,-1044.6
27660,3.12,0,0,,-1044.6
27670,3.12,0,0,,-1044.6
27680,3.12,0,0,,-1044.6
27690,3.12,0,0,,-1044.6
27700,3.124,0,0,,-1044.6
27710,3.124,0,0,,-1044.6
27720,3.124,0,0,,-1044.6
27730,3.124,0,0,,-1044.6
27740,3.128,0,0,,-1044.6
27750,3.128,0,0,,-1044.6
27760,3.128,0,0,,-1044.6
27770,3.128,0,0,,-1044.6
27780,3.128,0,0,,-1044.6
27790,3.132,0,0,,-1044.6
27800,3.132,0,0,,-1044.6
27810,3.132,0,0,,-1044.6
27820,3.136,0,0,,-1044.6
27830,3.136,0,0,,-1044.6
27840,3.136,0,0,,-1044.6
27850,3.136,0,0,,-1044.6
27860,3.136,0,0,,-1044.6
27870,3.14,0,0,,-1044.6
27880,3.14,0,0,,-1044.6
27890,3.14,0,0,,-1044.6
27900,3.14,0,0,,-1044.6
